,parent_folder,text,filename
0,2005A ,H# LIKE FINDING A H# PROPER NURSING HOME H#,sw2005A-ws96-i-0041
1,2005B ,H# IN DOING IT WHEN IT GOT TO THE POINT THAT WE HAD DO IT H#,sw2005B-ws96-i-0015
2,2006A ,H# EVERYBODY HAS THEIR HOME PHONE NUMBER TYPE[OF] JOB H#,sw2006A-ws96-i-0037
3,2010B ,H# HE REALLY WANTED IT WHETHER IT H#,sw2010B-ws96-i-0034
4,2012A ,H# RIGHT IT TURNED OUT TO BE H# AN INVITATION H#,sw2012A-ws96-i-0012
5,2015A ,H# PEDDLING PRODUCTS H# IF I WANTED THEIR PRODUCTS H# I WOULD HAVE H# EITHER GONE TO_THE STORE TO BOUGHT OR_I WOULD HAVE H# CALLED FOR THE H# SALESMAN TO COME OUT H#,sw2015A-ws96-i-0026
6,2015B ,h# YES YES h#,sw2015B-ws96-i-0001
7,2019A ,H# BUT H# SHE IS A GREAT COMFORT TO ME H#,sw2019A-ws96-i-0071
8,2019A ,H# AW WHAT A SHAME H#,sw2019A-ws96-i-0088
9,2020B ,H# I I REALLY_# I HAVE I HAVE STRONG OBJECTIONS TO THAT H#,sw2020B-ws96-i-0029
10,2024B ,H# HAVE A H# I HAVE A WIDE VARIETY OF OF HOBBIES THEREFORE MY H#,sw2024B-ws96-i-0003
11,2024B ,H# FALLS IN LINE WITH_THE T I CULTURE HERE[AT] TEXAS INSTRUMENTS H#,sw2024B-ws96-i-0041
12,2028B ,h# GATHERED AND THE PROGRAM AND SO FORTH h#,sw2028B-ws96-i-0110
13,2032A ,H# AND HOW ABOUT THE ROLLING STONES H#,sw2032A-ws96-i-0009
14,2035B ,H# AND WE H#,sw2035B-ws96-i-0016
15,2038A ,H# THE H# GOVERNMENT IN POWER THAT H#,sw2038A-ws96-i-0023
16,2039B ,H# EVERY NIGHT THIS WEEK H# SO H#,sw2039B-ws96-i-0035
17,2039B ,h# TWO OR THREE NOVELS A WEEK h#,sw2039B-ws96-i-0075
18,2040A ,H# PART OF THIS I SUPPOSE H#,sw2040A-ws96-i-0011
19,2040B ,H# LARGE NUMBERS OF H# BAREFOOT H# NATIVES OR SOMETHING H# NOT IN A H#,sw2040B-ws96-i-0023
20,2041A ,H# YEAH WOULD_THAT WE COULD H#,sw2041A-ws96-i-0027
21,2041B ,AND_# YOU KNOW h# ANYTHING DEALING WITH SPORTS h#,sw2041B-ws96-i-0015
22,2051B ,H# I'VE FORMULATED A PRETTY RADICAL H# THEORY H#,sw2051B-ws96-i-0024
23,2051B ,H# THAT WILL H#,sw2051B-ws96-i-0087
24,2051B ,H# FOR ANY REASON H#,sw2051B-ws96-i-0118
25,2053A ,H# OH WOW H# NO I JUST STARTED ABOUT H#,sw2053A-ws96-i-0055
26,2053B ,H# I LIKE THOSE THOSE ARE PRETTY H#,sw2053B-ws96-i-0085
27,2055A ,h# DO SOME GARDENING AND h#,sw2055A-ws96-i-0010
28,2055A ,H# CROSS STITCH H#,sw2055A-ws96-i-0026
29,2057A ,h# WE'D JUST PLAY UP THE FACT THAT h#,sw2057A-ws96-i-0088
30,2062A ,H# WELL H# WHAT ? H#,sw2062A-ws96-i-0001
31,2062A ,H# AND I SUPPOSE IF H#,sw2062A-ws96-i-0018
32,2062A ,h# WHAT h# THAT'S h# EXACTLY WHAT'S HAPPENING IN MY FAMILY_#,sw2062A-ws96-i-0044
33,2064A ,H# IT'S REALLY SAD H#,sw2064A-ws96-i-0020
34,2064A ,H# THAN H# EXPECTING H#,sw2064A-ws96-i-0023
35,2064A ,h# DO h# GET KILLED h#,sw2064A-ws96-i-0047
36,2064A ,h# WHICH SEEMS SO AWFUL h#,sw2064A-ws96-i-0056
37,2064B ,H# SOME OF THE CRIMES ARE JUST SO H# BRUTAL AND SO YOU KNOW USELESS H#,sw2064B-ws96-i-0060
38,2065A ,H# OR IT CAN BE H#,sw2065A-ws96-i-0043
39,2065A ,h# YEAH RIGHT h#,sw2065A-ws96-i-0053
40,2065A ,H# YOU KNOW AND ONE H#,sw2065A-ws96-i-0085
41,2065A ,H# ELEPHANT FOOT SOUP YOU KNOW IT'S H# EASY TO DO ONCE YOU FIND A ELEPHANT FOOT H#,sw2065A-ws96-i-0095
42,2071B ,H# TO H# THINK ABOUT WHEN YOU'RE TRYING TO MAKE THAT DECISION H#,sw2071B-ws96-i-0036
43,2071B ,H# MERCEDES AND H#,sw2071B-ws96-i-0043
44,2073B ,H# AND WHEN THINGS START H# WHEN WHEN ABORTION COMES ON THE ISSUES THEN PEOPLE JUST GO ALL ?_#,sw2073B-ws96-i-0025
45,2073B ,H# THE PRESSURE THAT LOBBYISTS CAN PUT H#,sw2073B-ws96-i-0044
46,2073B ,H# NO I CAN'T HEAR THEM H#,sw2073B-ws96-i-0070
47,2078B ,H# OH H# WHAT'S HE TEACH_#,sw2078B-ws96-i-0055
48,2078B ,H# IS THAT A TOUGH SYSTEM TO BE IN H#,sw2078B-ws96-i-0059
49,2079B ,H# I'M PRESENTLY LIVING IN A HOUSE H# FIRST TIME H#,sw2079B-ws96-i-0002
50,2085B ,H# YOU KNOW THE MAIN THINGS THAT I LIKE ABOUT H# THE H#,sw2085B-ws96-i-0013
51,2085B ,h# YOU KNOW DO A LITTLE BIT BETTER RESEARCH ON WHO GETS HIRED h#,sw2085B-ws96-i-0044
52,2085B ,h# KIDS h# TWENTY YEARS OLD h#,sw2085B-ws96-i-0079
53,2086A ,H# VEGETABLE_OIL BUT I WILL USE PEANUT H# PEANUT OIL OR THINGS H# AND THEN WE JUST_STIR FRY BROCCOLI_AND CARROTS AND H# GREEN PEPPERS AND H#,sw2086A-ws96-i-0023
54,2089A ,H# YEAH HE'S H# HE'S ABOUT MY FAVORITE H#,sw2089A-ws96-i-0069
55,2092B ,H# YEAH H# TALK TOO LONG H#,sw2092B-ws96-i-0013
56,2092B ,H# SORT OF WE'RE PROBABLY LIKE MOST H#,sw2092B-ws96-i-0042
57,2093A ,H# LAST YEAR H#,sw2093A-ws96-i-0053
58,2094A ,H# MY WORD H#,sw2094A-ws96-i-0011
59,2094B ,H# HOW ABOUT INVESTING IN THE SUN WELL NOBODY WANTS TO PAY TWENTY FIVE CENTS A KILOWATT HOUR H#,sw2094B-ws96-i-0044
60,2095B ,H# IT WAS YOU_! KNOW IN THE SEVENTIES OUT HERE AND H#,sw2095B-ws96-i-0011
61,2101A ,H# MMHMM AND WE DON'T WANT OUR KIDS TO H#,sw2101A-ws96-i-0088
62,2101B ,H# I CAN'T THINK OF THE NAME OF THE ONE THAT HAS THE H# MILITARY H#,sw2101B-ws96-i-0025
63,2101B ,RIGHT I AGREE H#,sw2101B-ws96-i-0069
64,2102B ,H# OH THAT WOULD BE A SHAME_#,sw2102B-ws96-i-0030
65,2105A ,H# AND I THINK H#,sw2105A-ws96-i-0010
66,2110B ,H# THAT H#,sw2110B-ws96-i-0056
67,2110B ,H# HOW DID I GET INTO IT OH I'M A ELECTRICAL ENGINEER H#,sw2110B-ws96-i-0080
68,2110B ,H# NO THEY I'M IN A TELECOMMUNICATIONS COMPANY AND THEY H# H# SENT IT OUT IN OUR H# BULK MAIL SO THAT IF ANY H#,sw2110B-ws96-i-0083
69,2113A ,H# I MEAN LIKE KEVIN COSTNER DID ALL OF HIS OWN H#,sw2113A-ws96-i-0067
70,2122A ,AND_# THEN GO BACK h# AND SEE IF THAT WORKED OR NOT_#,sw2122A-ws96-i-0068
71,2124B ,h# AND SO h#,sw2124B-ws96-i-0007
72,2124B ,H# WITH ALL THE H#,sw2124B-ws96-i-0023
73,2130B ,H# ONE GROUP OF THEM H#,sw2130B-ws96-i-0096
74,2130B ,h# I MEAN THAT'S ABSOLUTELY UNPRECEDENTED h# THAT WAS h#,sw2130B-ws96-i-0106
75,2137B ,H# THE DRAFT H# THAT THEY SHOULD DRAFT WOMEN AS H# QUICKLY AS THEY DO THE MEN H#,sw2137B-ws96-i-0025
76,2139B ,H# WHICH I THINK H# IS A H# IS H# AN INVASION OF PRIVACY H#,sw2139B-ws96-i-0031
77,2139B ,H# I GET H# MAIL_#,sw2139B-ws96-i-0072
78,2145A ,H# YOU KNOW THEY'RE H#,sw2145A-ws96-i-0055
79,2145B ,H# WELL I GUESS I WOULD H# FIRST IDENTIFY MYSELF AS H# MIDDLE AGED AND THEREFORE H#,sw2145B-ws96-i-0001
80,2145B ,H# SO ? I AM H# VERY AWARE OF H#,sw2145B-ws96-i-0086
81,2149A ,H# ORGANIZATION TO DO THERE WAS BIG BROTHER BIG SISTER H#,sw2149A-ws96-i-0088
82,2149B ,H# YOU KNOW LIKE THE H# SHELTERS AND H#,sw2149B-ws96-i-0010
83,2154B ,H# FILL INS YOU KNOW H#,sw2154B-ws96-i-0060
84,2154B ,H# HERE'S WHAT WENT ON IN ASIA H#,sw2154B-ws96-i-0076
85,2157A ,H# OKAY H# I THINK I DID KNOW THAT H#,sw2157A-ws96-i-0014
86,2157A ,H# BACK WHEN THEY WERE IN SAINT LOUIS_#,sw2157A-ws96-i-0096
87,2158A ,H# WELL I I GOT A STOPWATCH HERE H#,sw2158A-ws96-i-0042
88,2160A ,H# YEAH H# THERE'S H# UM THERE'S A A SONG THAT I KNOW WHICH SAYS YOU KNOW H#,sw2160A-ws96-i-0042
89,2171B ,H# WELL YOU KNOW H# I KNOW AMERICAN EXPRESS H# I'M NOT_#,sw2171B-ws96-i-0050
90,2171B ,H# IN THE COLLEGE H#,sw2171B-ws96-i-0070
91,2171B ,H# PEOPLE GET OLDER H# THEY'LL DO SOMETHING LIKE THAT H#,sw2171B-ws96-i-0080
92,2172A ,YEAH,sw2172A-ws96-i-0056
93,2181A ,H# YEAH THEY LEAVE H# THEY LEAVE SOME SONGS WITH YOU THEY LEAVE,sw2181A-ws96-i-0117
94,2184A ,H# I MEAN H# YOU KNOW THERE'S ALL KINDS OF H#,sw2184A-ws96-i-0077
95,2184B ,H# YOU KNOW H#,sw2184B-ws96-i-0075
96,2185B ,H# WE'VE LEARNED WE'RE WE UH,sw2185B-ws96-i-0021
97,2187A ,H# THAT'S WHY I DO THAT,sw2187A-ws96-i-0119
98,2190A ,H# NO H# OKAY YEAH_#,sw2190A-ws96-i-0017
99,2190A ,H# YEAH H#,sw2190A-ws96-i-0051
100,2191A ,H# BUT I LIKE TO H#,sw2191A-ws96-i-0028
101,2197B ,H# I'D I'D ENCOURAGE IT H#,sw2197B-ws96-i-0002
102,2197B ,H# HERE IN CENTRAL NEW YORK IS H#,sw2197B-ws96-i-0039
103,2197B ,H# THAT'S ANOTHER H#,sw2197B-ws96-i-0092
104,2197B ,H# I THINK I'VE EVER RUN IN TO INTO,sw2197B-ws96-i-0105
105,2197B ,H# EVER CONSIDER H#,sw2197B-ws96-i-0155
106,2205A ,H# WELL NOT IN THE MORNING BUT H#,sw2205A-ws96-i-0007
107,2205A ,H# AND I LIKE H# DIFFERENT H#,sw2205A-ws96-i-0053
108,2226B ,H# JUDITH KRANTZ H#,sw2226B-ws96-i-0074
109,2226B ,H# WHEN THEY MAKE THEM INTO MOVIES H#,sw2226B-ws96-i-0104
110,2226B ,H# SHOOT THAT ONE THAT WROTE H# WUTHERING HEIGHTS_#,sw2226B-ws96-i-0154
111,2227A ,H# WE GOT DUKE IN NORTH CAROLINA H#,sw2227A-ws96-i-0065
112,2227A ,H# BECAUSE BY H# THE PLAY TIME IS H#,sw2227A-ws96-i-0076
113,2227B ,H# TWILIGHT ZONE RULES H#,sw2227B-ws96-i-0010
114,2233A ,H# AND H# IT'S ALWAYS OCCURRED TO ME THAT THAT H#,sw2233A-ws96-i-0044
115,2233A ,H# SO H# I HAVE SOME BIAS IN THIS H#,sw2233A-ws96-i-0046
116,2234A ,H# AND THAT'S NOT FAIR H#,sw2234A-ws96-i-0034
117,2234A ,H# THEY WOULDN'T BE ABLE TO ENJOY ? H#,sw2234A-ws96-i-0074
118,2237B ,H# AND STUFF LIKE THAT H#,sw2237B-ws96-i-0017
119,2241A ,H# THAT EVEN H# YOU KNOW PRUNING ONCE A YEAR IS REALLY NOT ENOUGH H# BUT THE THE WAY THEY BEHAVE H#,sw2241A-ws96-i-0065
120,2241A ,H# BUT H# BUT THE RYE DOES REALLY WELL H# ESPECIALLY DURING THE WINTERTIME H#,sw2241A-ws96-i-0077
121,2241B ,H# AND THEN IT'S SOLID ROCK FROM THEN ON DOWN SO H#,sw2241B-ws96-i-0021
122,2241B ,H# IN FACT H# WE EVEN H# WE WERE AT THE FARMERS MARKET YESTERDAY H# AND BOUGHT A FEW TOMATO PLANTS AND THINGS LIKE THAT_#,sw2241B-ws96-i-0043
123,2244B ,H# IT WOULD BE INTERESTING TO EAT SOME OF THE MIDDLE EASTERN COOKING ? H#,sw2244B-ws96-i-0051
124,2249A ,H# THEY DON'T MASH H#,sw2249A-ws96-i-0083
125,2252B ,AND H#,sw2252B-ws96-i-0081
126,2252B ,H# RATHER THAN ONE H#,sw2252B-ws96-i-0127
127,2253A ,H# SOME OF THE NORTHERN H#,sw2253A-ws96-i-0032
128,2253B ,H# AT ALL H#,sw2253B-ws96-i-0115
129,2254A ,H# THEY'LL H# THEY'LL PUT IT WITH JUST H# MY WIFE LOVES_1 OLD BAY WITH EVERYTHING H# SO IF WE HAVE FRENCH FRIES THEY HAVE H#,sw2254A-ws96-i-0068
130,2259A ,H# AND H# HAVE BEEN IN THIS COUNTRY FOR H#,sw2259A-ws96-i-0014
131,2259A ,H# ANY H#,sw2259A-ws96-i-0018
132,2259A ,H# OR H# OR H#,sw2259A-ws96-i-0020
133,2259B ,H# IMMIGRATE TO THIS COUNTRY WE H# CUT THAT BY H# TWO THIRDS SO H#,sw2259B-ws96-i-0051
134,2260A ,H# AND H# I THOUGHT OF THOSE TWO THINGS WHEN I WAS H# I WAS H# HOLDING FOR A LONG TIME H#,sw2260A-ws96-i-0043
135,2260B ,H# OKAY H#,sw2260B-ws96-i-0001
136,2262B ,H# WE JUST_# H# WE DO NOT WANT IT H#,sw2262B-ws96-i-0008
137,2262B ,H# ? YELLOW STONE PARK_#,sw2262B-ws96-i-0051
138,2263B ,H# YEAH H# YOU CAN GET H#,sw2263B-ws96-i-0027
139,2265A ,H# WE HAVE A ONE YEAR OLD HOUSE SO IT'S KIND OF HARD SOMETIMES TO WATCH T V DURING H# DURING THE NIGHT BUT I USUALLY TRY TO CATCH THE TEN O'CLOCK H#,sw2265A-ws96-i-0015
140,2265A ,H# YES BUT WHEN IT CAME TO THE WAR ISSUES IT WAS LIKE WHO'S TELLING THE TRUTH H#,sw2265A-ws96-i-0022
141,2266B ,H# SURE H# IT WAS FUN_#,sw2266B-ws96-i-0050
142,2267A ,H# AND THAT YOU WOULDN'T CATCH ME H#,sw2267A-ws96-i-0010
143,2278A ,H# REALLY H#,sw2278A-ws96-i-0040
144,2278A ,H# FACILITIES H# IN THE MAJOR LEAGUES H#,sw2278A-ws96-i-0046
145,2279B ,H# IT WAS H#,sw2279B-ws96-i-0075
146,2283B ,WELL_# IT'S YEAH H# IT'S H# IT'S PRIMARILY JUST H# LIKE LANDSCAPING A LITTLE BIT YOU KNOW I'VE GOT H# SOME H# BUSHES AROUND THE H#,sw2283B-ws96-i-0009
147,2285A ,H# IT'S NOT H#,sw2285A-ws96-i-0052
148,2289B ,H# WELL DO YOU DO_YOU DRINK SODA AND SUCH IN ALUMINUM CANS H#,sw2289B-ws96-i-0014
149,2290B ,H# THAT'S_RIGHT I H# I'VE NEVER CAUGHT H#,sw2290B-ws96-i-0065
150,2290B ,H# SOME OF THE H#,sw2290B-ws96-i-0142
151,2292A ,H# WHERE YOU HAVE TO GO TO THEIR H#,sw2292A-ws96-i-0018
152,2293B ,H# IT'S DOING SOME DAMAGE AND_#,sw2293B-ws96-i-0077
153,2302B ,H# I BELIEVE THAT H#,sw2302B-ws96-i-0046
154,2302B ,H# NEED TO GO FACE H# THIS GROUP OF TWENTY FIVE OR A JUDGE H#,sw2302B-ws96-i-0058
155,2308A ,H# SO H#,sw2308A-ws96-i-0006
156,2308B ,H# HIS SECOND WIFE IS THAT HUSSY H#,sw2308B-ws96-i-0037
157,2309B ,H# AND FINES AND THINGS OF THAT NATURE H#,sw2309B-ws96-i-0016
158,2309B ,H# YEAH H# ALTHOUGH I GUESS IT'S H# YOUR_! YOU WANT THEM TO H# REHABILITATE AND BECOME BETTER H# RATHER THAN SITTING IN THERE AND BEING A DRAIN ALL THE TIME H#,sw2309B-ws96-i-0065
159,2311A ,H# LIKE THAT H# THAT BUSINESS_#,sw2311A-ws96-i-0038
160,2311A ,WE_# HAVE TO WEAR POLYESTER SMOCKS_#,sw2311A-ws96-i-0063
161,2311A ,H# AND I READ H# READ MY COURSES,sw2311A-ws96-i-0101
162,2315A ,H# THEY ONLY COME AROUND H#,sw2315A-ws96-i-0038
163,2315A ,H# IT WAS PRETTY MUCH H#,sw2315A-ws96-i-0112
164,2316A ,H# PEOPLE ARE GOING WHOA_#,sw2316A-ws96-i-0078
165,2316B ,H# I SAY WE BECAUSE I LIVE HERE H#,sw2316B-ws96-i-0057
166,2317A ,H# YEAH H#,sw2317A-ws96-i-0118
167,2323B ,H# LESS SUFFERING H#,sw2323B-ws96-i-0039
168,2324A ,H# RIGHT IT IS_#,sw2324A-ws96-i-0043
169,2324B ,H# YOU KNOW FROM ONE SYSTEM TO THE OTHER H#,sw2324B-ws96-i-0025
170,2325A ,H# SO H# SINCE OCTOBER THEN THEY'VE BEEN GOING THERE AND H#,sw2325A-ws96-i-0078
171,2330A ,H# ONE OF THE WEIRDEST THINGS I SAW H# I THINK IT WAS AROUND THIS TIME LAST YEAR H#,sw2330A-ws96-i-0034
172,2331A ,H# TWOSOME OR THREESOME H#,sw2331A-ws96-i-0041
173,2331A ,H# TELL YOU HOW TO DO THAT OR TEACH[YOU]_HOW TO DO THAT OR H#,sw2331A-ws96-i-0044
174,2334A ,H# AND THE BILL WOULD COME IN AND I'D PAY IT H#,sw2334A-ws96-i-0046
175,2334A ,H# SO BY THIS TIME MY CHECKS HAD COME BACK FROM_THE BANK SO I H# MADE A COPY OF THE CHECK THAT THEY HAD CASHED H#,sw2334A-ws96-i-0054
176,2334A ,h# NATURALLY h# THAT'S h# I GOT IN ALL KINDS OF TROUBLE DOING THAT h#,sw2334A-ws96-i-0083
177,2334A ,H# NOT YET_#,sw2334A-ws96-i-0121
178,2334A ,H# P H D IN HUMAN H# FACTORS_#,sw2334A-ws96-i-0144
179,2334B ,H# OH IT'S NATIONAL H#,sw2334B-ws96-i-0076
180,2336B ,H# AND IT'S H#,sw2336B-ws96-i-0010
181,2336B ,H# GET ON A TOPIC THAT H# YOU KNOW YOU ENJOY H#,sw2336B-ws96-i-0132
182,2339A ,H# YEAH THEN YOU HAVE TO GET UP THE NEXT DAY AND MOVE IT ON H#,sw2339A-ws96-i-0075
183,2339B ,H# YEAH H#,sw2339B-ws96-i-0106
184,2340A ,H# AND WE KEEP THINKING ABOUT THAT YOU KNOW H#,sw2340A-ws96-i-0126
185,2342A ,H# OKAY H# WELL WHO_#,sw2342A-ws96-i-0036
186,2342B ,H# I JUST HEARD SOMETHING ABOUT MOVING H# RECENTLY ABOUT MOVING H#,sw2342B-ws96-i-0027
187,2344A ,H# THE ONES IN LIKE THE BALTIC STATES H#,sw2344A-ws96-i-0081
188,2349B ,H# TO GET OUT THERE AND DO H#,sw2349B-ws96-i-0017
189,2350A ,H# YEAH WE'RE NOT FROM TEXAS EITHER H#,sw2350A-ws96-i-0028
190,2350A ,H# AND H#,sw2350A-ws96-i-0044
191,2350A ,H# YEAH OH H# DEFINITELY H#,sw2350A-ws96-i-0067
192,2350A ,HE_# REALLY H# HE WASN'T USED TO THE HEAT AT ALL H#,sw2350A-ws96-i-0114
193,2352A ,H# WORK FOR SO LITTLE MONEY H#,sw2352A-ws96-i-0084
194,2352A ,H# THE POOR TURTLE H#,sw2352A-ws96-i-0105
195,2353B ,H# IT WOULD REALLY H# AND H# I DON'T H#,sw2353B-ws96-i-0038
196,2353B ,H# YOU'RE ENCOURAGED TO DO IT BECAUSE H#,sw2353B-ws96-i-0064
197,2354A ,H# AND IT'S GROWN ON GOOD SOIL HARDLY ANYMORE AND H#,sw2354A-ws96-i-0067
198,2355A ,H# DETECTIVES NOW AND YOU KNOW DIFFERENT H# ROLES H#,sw2355A-ws96-i-0057
199,2355A ,? AND THAT YOU DON'T EVEN SEE OR KNOW ABOUT H#,sw2355A-ws96-i-0071
200,2362A ,H# HE SAYS MY FATHER GAVE IT TO ME H#,sw2362A-ws96-i-0051
201,2362B ,H# BUT I HAD DECIDED H# LONG BEFORE H#,sw2362B-ws96-i-0019
202,2366A ,H# SOME REAL H#,sw2366A-ws96-i-0048
203,2366B ,H# AND THE FACT THAT I FOUND IT H# IT H#,sw2366B-ws96-i-0024
204,2368A ,OH YEAH H# I'VE OWNED H# SEVERAL AND BUILT SEVERAL H#,sw2368A-ws96-i-0028
205,2369A ,H# NOT TOO FAR FROM TURNER FALLS H#,sw2369A-ws96-i-0030
206,2370A ,H# WHEN H# MOM STAYED HOME H#,sw2370A-ws96-i-0011
207,2370A ,H# YEAH H# AT LEAST FOR A LOT OF WOMEN_#,sw2370A-ws96-i-0034
208,2373B ,H# THE GULF AND H#,sw2373B-ws96-i-0080
209,2373B ,H# OKAY H#,sw2373B-ws96-i-0087
210,2373B ,H# THERE ARE NO H# GOOD H#,sw2373B-ws96-i-0147
211,2383B ,H# THAT HAVE THE BIGGEST IMPACT TO OUR WELL BEING H#,sw2383B-ws96-i-0014
212,2386A ,H# UHUH H#,sw2386A-ws96-i-0060
213,2387A ,H# YEAH I UNDERSTAND THAT H#,sw2387A-ws96-i-0008
214,2387B ,H# YEAH THAT'S NICE H# SO H# IS YOUR HUSBAND A SINGER H#,sw2387B-ws96-i-0059
215,2389B ,H# OR MAYBE NOT H# I DON'T KNOW H#,sw2389B-ws96-i-0105
216,2395A ,H# WHERE WHERE ARE YOU H#,sw2395A-ws96-i-0002
217,2397A ,H# OKAY H#,sw2397A-ws96-i-0001
218,2401A ,H# WHAT YEAR MODEL IS IT H#,sw2401A-ws96-i-0022
219,2401A ,H# I SEE H# WELL THAT'S GOOD_TO HEAR H#,sw2401A-ws96-i-0030
220,2403A ,H# MAYBE THAT YOU KNOW H# H#,sw2403A-ws96-i-0044
221,2406A ,H# NO H# NO KIDS H#,sw2406A-ws96-i-0002
222,2406A ,H# EVEN BETTER THAN ROGER RABBIT H#,sw2406A-ws96-i-0004
223,2406B ,H# HUH WHAT'S THAT ABOUT H#,sw2406B-ws96-i-0090
224,2408A ,H# I THINK THEY CAN READ THE H# PRICE TAG ON THE CANS,sw2408A-ws96-i-0116
225,2410A ,H# I DON'T KNOW I JUST H#,sw2410A-ws96-i-0057
226,2416A ,H# NOT A GREAT DEAL OF THAT H#,sw2416A-ws96-i-0024
227,2416A ,H# YEAH ESPECIALLY HERE IN RALEIGH WE GOT SUCH LITTLE BITTY BOWLING ALLEYS H#,sw2416A-ws96-i-0032
228,2417A ,H# WAS H# LIKE A WAITER H# AT ONE OF THE RESTAURANTS THAT H# YOU KNOW LIKE THE MILITARY HAD H#,sw2417A-ws96-i-0075
229,2418A ,H# HE'S NATIONALLY FAMOUS H#,sw2418A-ws96-i-0045
230,2424A ,H# NO NO I DON'T_# I JUST DON'T HAVE ANY H#,sw2424A-ws96-i-0078
231,2424B ,H# AND H# TILL NEXT TIME H#,sw2424B-ws96-i-0120
232,2426B ,H# THAT'S THAT'S THE BIG THING H# YOU KNOW WE STILL GOT [A]LITTLE BIT_OF THE OLD H#,sw2426B-ws96-i-0085
233,2426B ,H# OH H# THIS THING THEY H# THEY GAVE THE GUYS H# THE POWER AND THE MATERIAL AND THE H#,sw2426B-ws96-i-0091
234,2426B ,H# YOU KNOW THE H# THE BUSINESS WITH THE H# THE SHIITES OF ALL PEOPLE YOU KNOW H# IN THE SOUTHERN PART OF THE COUNTRY AND ALSO THE KURDS H#,sw2426B-ws96-i-0095
235,2427A ,H# WHAT TYPE OF LAWN AND GARDEN WORK DO YOU DO H#,sw2427A-ws96-i-0001
236,2427A ,H# THEY'RE PRETTY NEAT LITTLE I'VE NEVER SEEN ONE H#,sw2427A-ws96-i-0101
237,2427B ,H# INSPECT IT AND THE KIDS WANT TO SWING_#,sw2427B-ws96-i-0046
238,2430A ,H# SO IT'S TERRIBLY ENGINEERED H#,sw2430A-ws96-i-0051
239,2430A ,H# TWENTY EIGHT THOUSAND ON IT WHEN I SOLD IT H#,sw2430A-ws96-i-0067
240,2431A ,H# WHEN WE WENT SOMEWHERE H#,sw2431A-ws96-i-0099
241,2432B ,H# THAT'S AN H# DEPARTMENT STORE H#,sw2432B-ws96-i-0057
242,2433B ,H# THAT'S TRUE THEY DO_#,sw2433B-ws96-i-0073
243,2437A ,H# YEAH H#,sw2437A-ws96-i-0008
244,2439B ,H# WERE THE NEW ONES H#,sw2439B-ws96-i-0027
245,2439B ,H# EVENTUALLY H#,sw2439B-ws96-i-0071
246,2439B ,H# SO THAT H# THAT'S KIND OF BEEN THE WAY I'VE DONE H# THINGS IS TO GET H# THINGS THAT ARE NEW AND THEN H# KEEP THEM H# FOREVER H#,sw2439B-ws96-i-0078
247,2442A ,H# MY H# MY WIFE HAS BEEN WORKING WITH THEM H#,sw2442A-ws96-i-0052
248,2442B ,H# I GUESS IT DEPENDS ON THE PERSON DEPENDS ON HOW ?_#,sw2442B-ws96-i-0027
249,2442B ,H# PAINFUL BUT THE H# THE T I H# REC CENTER HAS AN_AEROBICS PROGRAM FOR H# FOR H#,sw2442B-ws96-i-0059
250,2445A ,H# WE JUST MOVED TO A NEW H#,sw2445A-ws96-i-0090
251,2446B ,H# WE H# WE DO HAVE A LITTLE INFORMATION ON IT HERE H# BUT H#,sw2446B-ws96-i-0014
252,2446B ,H# AND U S POLICY AT H# THAT PARTICULAR TIME THERE WAS COURSE MILITARY H#,sw2446B-ws96-i-0030
253,2446B ,H# BRASH UGLY AMERICAN TYPE H#,sw2446B-ws96-i-0095
254,2450A ,H# I JUST THINK H# IT'S BEEN WARM AND IT'S BEEN HOT H# IT_#,sw2450A-ws96-i-0018
255,2451B ,H# A MAJOR INTERNAL PROBLEM H#,sw2451B-ws96-i-0002
256,2453A ,H# NOW ARE AT HOME WITHOUT H# THEIR MOTHERS H#,sw2453A-ws96-i-0047
257,2454A ,H# OH REALLY THAT'S INTERESTING H#,sw2454A-ws96-i-0035
258,2455B ,H# IF IF YOU DECIDE TO GO BACK TO WORK H# THEN H#,sw2455B-ws96-i-0035
259,2455B ,H# YOU KNOW H# CHILD H#,sw2455B-ws96-i-0071
260,2455B ,H# AND YET H#,sw2455B-ws96-i-0084
261,2455B ,H# TO SAY THE LEAST H#,sw2455B-ws96-i-0094
262,2460A ,H# THAT HAVE THE TALENT TO DO H# THE BEST YEARS AND H#,sw2460A-ws96-i-0061
263,2460A ,H# TO H#,sw2460A-ws96-i-0071
264,2460A ,H# AND I THINK THAT'S REALLY WHAT'S BEEN HURTING H# THE H# RANGERS H#,sw2460A-ws96-i-0076
265,2466B ,H# BUT H# I THOUGHT IT WAS REAL INTERESTING H#,sw2466B-ws96-i-0059
266,2466B ,H# CAN'T THINK WHAT HIS NAME IS RIGHT H# RIGHT OFF THE BAT H# THOUGH H#,sw2466B-ws96-i-0103
267,2467A ,H# EXEMPT OR NON EXEMPT H#,sw2467A-ws96-i-0015
268,2467B ,H# IN THE H#,sw2467B-ws96-i-0082
269,2469B ,H# THE VARIETY OF STITCHES AND STUFF IN THAT H# MORE LIKE EMBROIDERY OR SOMETHING H#,sw2469B-ws96-i-0042
270,2472B ,H# AND STRAWBERRIES AND BANANAS AND WHATEVER_! H# FRESH FRUIT YOU WANT H#,sw2472B-ws96-i-0063
271,2477B ,H# AND H# THEY'VE GOT PERKINS H#,sw2477B-ws96-i-0064
272,2477B ,H# YEAH H# YEAH_#,sw2477B-ws96-i-0130
273,2478B ,H# RICH H#,sw2478B-ws96-i-0063
274,2479B ,H# YEAH I BET H#,sw2479B-ws96-i-0043
275,2480A ,H# NO YOU CAN'T IT'S H#,sw2480A-ws96-i-0062
276,2482A ,H# WELL YEAH H# AND H#,sw2482A-ws96-i-0120
277,2482A ,H# JENNY'S SWEET KID H#,sw2482A-ws96-i-0161
278,2482A ,H# I DON'T SEE HOW ANYONE CAN AFFORD IT H#,sw2482A-ws96-i-0179
279,2482B ,H# YEAH H#,sw2482B-ws96-i-0098
280,2483A ,H# I LISTEN TO C N N RADIO TOO H#,sw2483A-ws96-i-0075
281,2488A ,H# VERY MUCH SO H#,sw2488A-ws96-i-0010
282,2488B ,H# YEAH OH I DO TOO H# I DO TOO_#,sw2488B-ws96-i-0009
283,2490B ,H# NEED TO TEACH THEIR KIDS H#,sw2490B-ws96-i-0073
284,2498A ,H# BECAUSE OF ALL THE FLACK H# THEY RECEIVED BUT H#,sw2498A-ws96-i-0025
285,2499A ,H# AND_ALL_RIGHT WHAT HAVE YOU SEEN_#,sw2499A-ws96-i-0002
286,2499A ,H# DANCES H#,sw2499A-ws96-i-0013
287,2499A ,H# AND THERE'S RATS IN THE ATTIC YOU KNOW H#,sw2499A-ws96-i-0028
288,2499A ,H# OH YOU'RE RIGHT I HAVEN'T H#,sw2499A-ws96-i-0047
289,2499A ,H# THAT I HAD FORGOTTEN H#,sw2499A-ws96-i-0060
290,2506A ,H# YOU KNOW JUST_! H#,sw2506A-ws96-i-0054
291,2506B ,H# PUBLIC TRANSPORTATION_! H#,sw2506B-ws96-i-0051
292,2510A ,H# REASON H#,sw2510A-ws96-i-0134
293,2511A ,H# I HAVE NOTICED SINCE H#,sw2511A-ws96-i-0007
294,2513A ,H# THAT NEEDED REPLACING H#,sw2513A-ws96-i-0026
295,2514B ,H# OH I CAN IMAGINE H#,sw2514B-ws96-i-0047
296,2520A ,H# I H# I'VE BEEN COLLECTING RECIPES AND MODIFYING RECIPES FOR A LONG LONG TIME H#,sw2520A-ws96-i-0026
297,2524B ,H# WHAT DO YOU DO H#,sw2524B-ws96-i-0005
298,2525B ,H# AND H# WITH H# THE H# PEOPLE THAT ARE COMING INTO THE COUNTRY H# FROM H# OTHER COUNTRIES_! H#,sw2525B-ws96-i-0012
299,2525B ,H# THAT H# IF SOMEONE IS FROM A FOREIGN COUNTRY H#,sw2525B-ws96-i-0050
300,2526A ,H# ARE_YOU STILL THERE H#,sw2526A-ws96-i-0091
301,2526B ,H# ARE YOU STILL THERE H#,sw2526B-ws96-i-0055
302,2526B ,H# ? THEY JUST MARKET THEM H#,sw2526B-ws96-i-0133
303,2527B ,H# A LOT OF PEOPLE DON'T REALIZE_YOU KNOW THEY HEAR DESERT H# AND THEY THINK OF SCORPIONS AND SNAKES AND SAND AND H#,sw2527B-ws96-i-0047
304,2534A ,H# RAISES [A]STINK ABOUT IT YOU_CAN ALWAYS GO BEFORE THE ASSOCIATION_AND ARGUE_YOUR CASE ANYWAY_#,sw2534A-ws96-i-0051
305,2534A ,H# RAISING CATS H#,sw2534A-ws96-i-0067
306,2537A ,H# DO YOU KNOW IT H# JUST REALLY RUBBED ME THE WRONG WAY H#,sw2537A-ws96-i-0053
307,2537B ,H# PERSONALLY H#,sw2537B-ws96-i-0001
308,2540A ,H# AND THAT DIDN'T HELP AT ALL H#,sw2540A-ws96-i-0005
309,2540A ,H# THOUGH THERE'S H# YOU KNOW PROBABLY I'M SURE SOME H#,sw2540A-ws96-i-0031
310,2540A ,H# ON GETTING ANY GUNS I THINK THAT H#,sw2540A-ws96-i-0044
311,2543A ,H# I MEAN I'M SORRY H#,sw2543A-ws96-i-0056
312,2543B ,H# THE NEWS OR SOMETHING H#,sw2543B-ws96-i-0014
313,2543B ,H# TONE DOWN H#,sw2543B-ws96-i-0110
314,2545A ,H# I WORK H# FOR DIGITAL EQUIPMENT H#,sw2545A-ws96-i-0026
315,2545B ,H# REPORTS AND PAPERS AND THAT SORT OF THING H#,sw2545B-ws96-i-0015
316,2546B ,H# AND H# BUT STILL H#,sw2546B-ws96-i-0054
317,2547A ,H# WE HAVE NO BASEMENT H#,sw2547A-ws96-i-0067
318,2547A ,H# THERE WAS H# IT H#,sw2547A-ws96-i-0086
319,2547B ,H# NO WE ARE WEST_#,sw2547B-ws96-i-0124
320,2547B ,H# EAST NEAR THE_EASTERN SHORE H#,sw2547B-ws96-i-0126
321,2549B ,H# OH OKAY H#,sw2549B-ws96-i-0019
322,2549B ,H# NO I I I LIVE NEAR BALTIMORE H# AND H#,sw2549B-ws96-i-0050
323,2549B ,H# AND H# I WAS NOT REAL HAPPY WHEN H# WHEN THEY H#,sw2549B-ws96-i-0119
324,2550A ,H# KIND OF AN OLDER GUY ?_#,sw2550A-ws96-i-0094
325,2552A ,H# WELL THAT'S H# GOOD H#,sw2552A-ws96-i-0093
326,2557B ,H# SOMETHING WHERE THEY YOU KNOW WOULD H# PICK IT UP AT THE CURB OR AT LEAST H#,sw2557B-ws96-i-0074
327,2558B ,H# AND DO H# WORK IN THE NATIONAL PARKS AND WORK IN H# NEIGHBORHOODS TO DO H#,sw2558B-ws96-i-0042
328,2559A ,H# MY OWN ENVIRONMENT IS H# OPEN TOTALLY THERE ARE NO CUBICLES H#,sw2559A-ws96-i-0040
329,2559B ,H# THE CREDIT BUREAU AND SAY HEY YOU KNOW H#,sw2559B-ws96-i-0061
330,2561A ,H# AT THE SECOND ONE_# H#,sw2561A-ws96-i-0071
331,2562A ,H# NOW I WORK AND I LIVE IN THE CITY SO H#,sw2562A-ws96-i-0022
332,2565A ,H# AND MOLLY MOON IS THE MANAGER OF THEM H#,sw2565A-ws96-i-0011
333,2566A ,H# YEAH SHE'S_! REAL GOOD_#,sw2566A-ws96-i-0019
334,2566B ,H# IT IS_#,sw2566B-ws96-i-0109
335,2568A ,H# NOW DID YOU SEE H# DRIVING MISS DAISY H#,sw2568A-ws96-i-0117
336,2571A ,H# YOU KNOW H# YOU KNOW AND EXPEDITING THE PENALTIES AND JUST GETTING IT OVER WITH H#,sw2571A-ws96-i-0073
337,2571B ,H# WHATEVER H# CAPITAL H#,sw2571B-ws96-i-0031
338,2571B ,H# SAT ON BOTH A A CRIMINAL AND A CIVIL H#,sw2571B-ws96-i-0063
339,2575A ,AND H# AND MOST OF THEM AREN'T H#,sw2575A-ws96-i-0036
340,2575B ,H# AND WHAT IT TAKES TO H# HAVE THAT GOOD LIFE H#,sw2575B-ws96-i-0049
341,2578A ,H# WELL I LIKE THE CLASSICS TOO H#,sw2578A-ws96-i-0027
342,2578A ,H# AND H# SO I TEND TO H#,sw2578A-ws96-i-0054
343,2578B ,H# SO H# ARE YOU A TEACHER H#,sw2578B-ws96-i-0124
344,2579A ,H# OH THAT MUST BE NICE H#,sw2579A-ws96-i-0079
345,2579B ,H# WHAT'S THAT H#,sw2579B-ws96-i-0020
346,2584B ,H# I THINK I'VE HAD ABOUT FOUR H#,sw2584B-ws96-i-0149
347,2585A ,H# AND IT'S REALLY MUCH H# MORE COMPLICATED H#,sw2585A-ws96-i-0107
348,2585B ,H# AND NOT BEING CARED H# FOR H#,sw2585B-ws96-i-0038
349,2586A ,H# RIGHT H# AND THEN YOU LET IT H# CARRY IT DOWNSTREAM H#,sw2586A-ws96-i-0036
350,2586A ,H# THEY SEEM TO HAVE BEEN HITTING REAL HEAVY ON IT H# IN FALL H#,sw2586A-ws96-i-0061
351,2586B ,H# GO AHEAD AND CLEAN IT UP H# AND THEN UH H#,sw2586B-ws96-i-0010
352,2587B ,H# WE'RE MORE INVOLVED IN THAT NOW AND I H# I H#,sw2587B-ws96-i-0044
353,2589B ,H# EVEN THEN THEY'RE SKIMMING OVER H#,sw2589B-ws96-i-0038
354,2589B ,H# HAVE H# HAVE THEM PICK UP AROUND THE SCHOOL YARD HAVE THEM H#,sw2589B-ws96-i-0062
355,2593B ,H# WHAT H# IS H# IT'S H# LIKE THERE BUT HERE A LOT OF H#,sw2593B-ws96-i-0047
356,2594B ,H# I KNOW_! H# H#,sw2594B-ws96-i-0067
357,2598A ,H# IT WAS GOOD BUT I MEAN HE WAS H#,sw2598A-ws96-i-0073
358,2598B ,H# YEAH H# DID YOU SEE GOOD FELLAS H#,sw2598B-ws96-i-0087
359,2602A ,H# OKAY H#,sw2602A-ws96-i-0003
360,2602B ,H# SO FAR THEY HADN'T RUN INTO THE REAL PSYCHOS YET H#,sw2602B-ws96-i-0059
361,2602B ,H# THE GOVERNMENTS WHICH H#,sw2602B-ws96-i-0102
362,2603A ,H# YEAH H# YEAH H#,sw2603A-ws96-i-0032
363,2603B ,H# OH IT'S JUST H# I DON'T KNOW IT'S A H# IT'S A H# TOTAL H# H#,sw2603B-ws96-i-0024
364,2608B ,H# OH I SEE H#,sw2608B-ws96-i-0085
365,2609A ,H# WELL H# DO YOU THINK H#,sw2609A-ws96-i-0001
366,2609B ,H# I THINK THEY'RE LOOKING AFTER THEIR OWN H#,sw2609B-ws96-i-0062
367,2610A ,H# IT WAS ALL METRIC AND H#,sw2610A-ws96-i-0068
368,2610B ,H# OR ONE POINT FIVE MILL H#,sw2610B-ws96-i-0039
369,2611A ,H# AND IT HAD H#,sw2611A-ws96-i-0127
370,2613A ,H# SO WHAT DO YOU THINK ABOUT IT H#,sw2613A-ws96-i-0001
371,2613A ,H# AND IT WAS H# UNSEASONABLY WARM H#,sw2613A-ws96-i-0024
372,2613A ,H# I I I I DON'T UNDERSTAND WHERE THE PRIORITY IS H#,sw2613A-ws96-i-0042
373,2614A ,H# GOTTEN IT_! WITH THEIR H#,sw2614A-ws96-i-0117
374,2615A ,H# YEAH I KNOW WHAT YOU MEAN H#,sw2615A-ws96-i-0006
375,2615A ,H# AVERAGE GUYS H# CAN'T REALLY GO OUT IN THE H# IN THE GARAGE AND H# DO A WHOLE LOT OF REPAIRS H#,sw2615A-ws96-i-0011
376,2615B ,H# BOUGHT A MITSUBISHI MIRAGE HERE[A] COUPLE YEARS AGO AND_? H# AND IT WAS H# NORMALLY CARBURETED H# AND IT'S FAIRLY EASY TO H# H#,sw2615B-ws96-i-0064
377,2615B ,H# WINDING DOWN OR WHAT H#,sw2615B-ws96-i-0100
378,2616B ,H# THEY KICK EVERYBODY'S ASS H#,sw2616B-ws96-i-0020
379,2616B ,H# BUT H# IT'S JUST H# IT'S JUST THAT H#,sw2616B-ws96-i-0086
380,2621A ,H# COURSE THEY PLAY THEIR H#,sw2621A-ws96-i-0142
381,2622A ,H# INCOME TAX FOR THOSE WHO DON'T HAVE IT THAT IS I MEAN WE DON'T HAVE ONE YET BUT H#,sw2622A-ws96-i-0004
382,2623A ,H# GIVING US THINGS TO DO WITH THE CHILDREN H#,sw2623A-ws96-i-0055
383,2623A ,H# UHHUH H#,sw2623A-ws96-i-0122
384,2623B ,H# REALLY WANTED TO H#,sw2623B-ws96-i-0021
385,2623B ,H# AND H# SO IT'S IT'S IT'S H#,sw2623B-ws96-i-0067
386,2628A ,H# YOU KNOW WHEN I HAD THEM AND WHEN THEY WERE SMALL H#,sw2628A-ws96-i-0020
387,2631A ,H# I'VE H# FOR YEARS JUST H# CAR H#,sw2631A-ws96-i-0096
388,2634B ,H# AND ON TOP THAT SPENDING A H# GOOD PORTION OF MY H# EARLIER YEARS IN THE H# MILITARY AS A GREEN BERET I DEFINITELY RESPECT THE POWER OF WEAPONRY H#,sw2634B-ws96-i-0010
389,2634B ,H# ACTUALLY IT'S NOT_#,sw2634B-ws96-i-0087
390,2638A ,H# I THINK THEY PROBABLY WILL YOU KNOW H# IF THEY H# I'M SURE IT'S A VERY EXPENSIVE PROGRAM TO ADMINISTER H#,sw2638A-ws96-i-0064
391,2638B ,H# COMPANY'S MORE PROFITABLE H#,sw2638B-ws96-i-0115
392,2638B ,H# YEP ALL OVER H#,sw2638B-ws96-i-0120
393,2638B ,H# I THINK ALL AROUND IT IT'S GOING TO HELP OUT A LOT_#,sw2638B-ws96-i-0145
394,2641A ,H# I WONDER SOMETIMES H#,sw2641A-ws96-i-0011
395,2641B ,H# AND I WOULD DO IT YOU KNOW H#,sw2641B-ws96-i-0022
396,2642A ,H# PEOPLE DON'T SEE THAT EITHER H#,sw2642A-ws96-i-0036
397,2647A ,h# UHHUH h#,sw2647A-ws96-i-0008
398,2647B ,h# YOU SET YOUR MIND ON h#,sw2647B-ws96-i-0099
399,2650A ,h# POOR BUDDY YOU KNOW h#,sw2650A-ws96-i-0177
400,2654A ,h# THAT'S RIGHT YOU NEVER HEAR ABOUT h#,sw2654A-ws96-i-0029
401,2658B ,h# JUST RETURNING THE COMPUTER h#,sw2658B-ws96-i-0065
402,2658B ,h# BUT THEY'LL JUST h# YOU KNOW h#,sw2658B-ws96-i-0071
403,2658B ,h# WE DON'T REALLY CARE ABOUT YOU h#,sw2658B-ws96-i-0121
404,2659A ,h# RIGHT h# RIGHT h#,sw2659A-ws96-i-0075
405,2661B ,h# FAKE OR PUT ON EITHER h#,sw2661B-ws96-i-0034
406,2661B ,h# WE PRETTY RELIABLY LIKE TO GO TO ON h# SOME SUNDAY MORNINGS h#,sw2661B-ws96-i-0152
407,2661B ,h# AND DRIVE THROUGH WOODLAND PARK AND h#,sw2661B-ws96-i-0158
408,2662B ,h# AND and THEY HAVE TO h#,sw2662B-ws96-i-0044
409,2663A ,h# AND h#,sw2663A-ws96-i-0068
410,2663B ,h# HEY WELL THANKS FOR THE CALL h#,sw2663B-ws96-i-0067
411,2669A ,h# HAVE YOU EVER LIVED IN A COUNTRY WHERE THEY USE METRIC h#,sw2669A-ws96-i-0056
412,2669A ,h# IN KILOMETERS AND you h# YOU GOT TO KNOW WHERE YOU ARE h#,sw2669A-ws96-i-0138
413,2671A ,h# I DON'T KNOW IT'S IT'S HARD FOR ME TO h#,sw2671A-ws96-i-0145
414,2672A ,h# yeah I NOTICED THAT ABOUT THINGS LIKE h#,sw2672A-ws96-i-0065
415,2675A ,h# CASE h#,sw2675A-ws96-i-0021
416,2675B ,h# NOW MY PERSONAL OPINION h#,sw2675B-ws96-i-0006
417,2678A ,h# SO AS LONG as YOU'RE LISTENING h# SO h#,sw2678A-ws96-i-0068
418,2679B ,h# IT'S TRUE h# IT'S TRUE I AGREE WITH YOU h#,sw2679B-ws96-i-0088
419,2685A ,h# EVERYTHING ELSE IS MUD h#,sw2685A-ws96-i-0017
420,2689B ,h# FRUSTRATING h#,sw2689B-ws96-i-0063
421,2690A ,h# PEOPLE h#,sw2690A-ws96-i-0008
422,2690A ,h# THAT WAS A LOT h# OF FUN_#,sw2690A-ws96-i-0059
423,2690B ,h# I MEAN h#,sw2690B-ws96-i-0021
424,2692A ,h# INSPECTOR OR QUALITY INSURANCE GUY_#,sw2692A-ws96-i-0047
425,2692A ,when I TAKE THOSE HOSES I CUT THEM OFF h#,sw2692A-ws96-i-0098
426,2692A ,h# HAVE A LITTLE CURIOSITY h#,sw2692A-ws96-i-0117
427,2703A ,h# YEAH h#,sw2703A-ws96-i-0026
428,2705A ,h# YOU KNOW h#,sw2705A-ws96-i-0058
429,2708B ,H# I HADN'T HEARD THAT h#,sw2708B-ws96-i-0009
430,2708B ,H# you KNOW JUST A TECHNICIAN h#,sw2708B-ws96-i-0046
431,2709A ,H# UMHUM h# UMHUM h#,sw2709A-ws96-i-0026
432,2709A ,H# OH I SEE h#,sw2709A-ws96-i-0056
433,2709A ,H# EXACTLY h# EXACTLY_# h#,sw2709A-ws96-i-0069
434,2709B ,H# IF THERE'S EVEN A h#,sw2709B-ws96-i-0037
435,2711A ,H# OH IT'S NOT BAD AT ALL h#,sw2711A-ws96-i-0021
436,2711A ,we_# WENT DURING THE DROUGHT h#,sw2711A-ws96-i-0052
437,2711A ,H# AUSTIN IS NEAT h#,sw2711A-ws96-i-0172
438,2711B ,H# THAT'S REALLY INTERESTING h#,sw2711B-ws96-i-0078
439,2713A ,H# FINANCIAL h#,sw2713A-ws96-i-0083
440,2715A ,H# OR SOMETHING_# LIKE_# THAT h#,sw2715A-ws96-i-0077
441,2717A ,H# ENDLESS h# ENDLESS h# ENDLESS APPEALS h#,sw2717A-ws96-i-0011
442,2717A ,H# A JURY TRIAL HE WAS HE WAS ACTUALLY ON THE JURY h#,sw2717A-ws96-i-0064
443,2717B ,H# you KNOW WHY SHOULD WE h#,sw2717B-ws96-i-0048
444,2719A ,H# CLOSE TO METHODIST HOSPITAL h#,sw2719A-ws96-i-0045
445,2719B ,H# AND SHE LASTED ABOUT TWO WEEKS AND HER ANKLES COULDN'T TAKE IT ANYMORE h#,sw2719B-ws96-i-0031
446,2719B ,h# SURE h#,sw2719B-ws96-i-0041
447,2723B ,H# ? I'M h# I'M HERE I'VE GOT JUST ELEVEN YEARS h#,sw2723B-ws96-i-0106
448,2726B ,H# TO STICK A WALL BETWEEN TWO ROOMS h#,sw2726B-ws96-i-0048
449,2729A ,H# GET THAT h#,sw2729A-ws96-i-0086
450,2734A ,H# YES h# BUT h#,sw2734A-ws96-i-0046
451,2734B ,H# THAT'S IT h#,sw2734B-ws96-i-0034
452,2734B ,H# SITTING IN h# PRISON GETTING THEIR h# COLLEGE DEGREE h#,sw2734B-ws96-i-0044
453,2734B ,H# YES VERY TRUE I h# I AGREE WITH YOU THERE h#,sw2734B-ws96-i-0046
454,2736A ,H# AND SO I NEED TO MAKE SURE I'VE GOT ONE THAT I CAN FIT h#,sw2736A-ws96-i-0009
455,2739A ,H# NOT WHAT h# THE h# THE NORM WOULD LIKE THEM TO DO h#,sw2739A-ws96-i-0052
456,2739A ,H# I WOULD IMAGINE THAT'S RIGHT h#,sw2739A-ws96-i-0097
457,2744B ,h# THESE PEOPLE SOMEHOW h#,sw2744B-ws96-i-0036
458,2744B ,H# UNTIL_YOU LEAVE YOUR h#,sw2744B-ws96-i-0057
459,2744B ,H# AND h# IT'S KIND OF THESE INTERVENTION h#,sw2744B-ws96-i-0087
460,2744B ,H# BUT h#,sw2744B-ws96-i-0091
461,2748A ,H# I PAD THE PAINT ON h#,sw2748A-ws96-i-0045
462,2749B ,H# NOT AT ALL IN_? h# FACT I'M h#,sw2749B-ws96-i-0001
463,2751A ,H# SO h#,sw2751A-ws96-i-0077
464,2754A ,H# i h# JUST I DON'T h# I DON'T KNOW I JUST h#,sw2754A-ws96-i-0092
465,2754B ,H# I THINK SO h#,sw2754B-ws96-i-0057
466,2754B ,H# YOU CAN PLEA BARGAIN WHAT YOU'RE GUILTY OF BUT h#,sw2754B-ws96-i-0113
467,2755A ,H# BELIEFS h#,sw2755A-ws96-i-0034
468,2755B ,H# true h#,sw2755B-ws96-i-0076
469,2756B ,H# QUITE FREQUENTLY h#,sw2756B-ws96-i-0009
470,2756B ,h# WHAT CLUB DO YOU h# FOLLOW h#,sw2756B-ws96-i-0028
471,2756B ,h# UHHUH h# SOUNDS GOOD_#,sw2756B-ws96-i-0083
472,2766A ,h# WE HAVE SEVERAL TREATIES AND SEVERAL ALLIANCES h#,sw2766A-ws96-i-0028
473,2766A ,h# A WELL PERCEIVED WAR h# WORLD WIDE h# h#,sw2766A-ws96-i-0104
474,2766B ,h# YEAH HE'S A h# A BAD PERSON h# VERY DEFINITELY h# h#,sw2766B-ws96-i-0018
475,2767A ,h# KIDS OR h# KID I'M NOT SURE h# h#,sw2767A-ws96-i-0110
476,2767A ,h# OH NOW THAT h# THAT REALLY IS h# h#,sw2767A-ws96-i-0131
477,2768A ,h# I GUESS DEFINITE VIEWS ABOUT h#,sw2768A-ws96-i-0002
478,2768A ,h# THAT'S JUST THE END OF ME h# h#,sw2768A-ws96-i-0074
479,2770A ,h# KIND OF TRAVELED h# h#,sw2770A-ws96-i-0022
480,2771A ,h# YEAH h# AND IT'S IT'S ALREADY GOTTEN IN INTO BRAZIL A LITTLE BIT h# AND IT HAS TO DO WITH THE FACT THAT h# I MEAN IN THAT PART OF THE WORLD THEY JUST DUMP RAW SEWAGE RIGHT INTO THE RIVERS I MEAN_#,sw2771A-ws96-i-0025
481,2772B ,h# LIKE h# THE NINETY DEGREE h# h#,sw2772B-ws96-i-0035
482,2773B ,h# WELL I h#,sw2773B-ws96-i-0001
483,2773B ,h# YEAH h#,sw2773B-ws96-i-0099
484,2775A ,h# WHAT AREA DO YOU LIVE IN h# h#,sw2775A-ws96-i-0006
485,2776A ,h# WELL h# WHAT THEY TELL ME BUT I MEAN YOU KNOW h#,sw2776A-ws96-i-0093
486,2780A ,H# YEAH H# I THINK H# THIS IS A TOUGH SUBJECT H# BECAUSE H#,sw2780A-ws96-i-0001
487,2780A ,H# WHEN YOU COME FROM TWO H# DIFFERENT PARTS OF THE COUNTRY H#,sw2780A-ws96-i-0002
488,2780A ,H# THE POLITICAL VIEWS ARE REALLY DIFFERENT_#,sw2780A-ws96-i-0003
489,2780A ,H# I H# I I GUESS I'VE HAD TO DISCUSS A NUMBER OF WHAT MIGHT BE CONSIDERED CONTROVERSIAL H#,sw2780A-ws96-i-0004
490,2780A ,H# ISSUES H#,sw2780A-ws96-i-0005
491,2780A ,H# I GUESS LIKE H# LIKE AND THOUGH NOTHING_#,sw2780A-ws96-i-0006
492,2780A ,H# I GUESS NOTHING H# IS AWFUL AS ABORTION BUT LIKE GUN CONTROL H# AND UH DAY CARE AND THINGS LIKE THAT H# AND THERE ARE SOME VERY DIFFERENT VIEWS UH OF THE PEOPLE CONNECTED WITH THE PROGRAM WHICH I THOUGHT WAS REALLY INTERESTING H# YOU KNOW H#,sw2780A-ws96-i-0007
493,2780A ,H# YEAH WELL BEING IN IN IN BALTIMORE H# SEE MARYLAND IS H# IS SORT [OF] H#,sw2780A-ws96-i-0008
494,2780A ,H# IS A HUB OF H#,sw2780A-ws96-i-0010
495,2780A ,H# LIBERALISM,sw2780A-ws96-i-0011
496,2780A ,H# COMPARED TO THE COUNTRY H# YOU KNOW VERY H#,sw2780A-ws96-i-0013
497,2780A ,H# AND H# IN MANY WAYS H# VERY LIBERAL VERY SIMILAR TO NEW ENGLAND H# THOUGH PENNSYLVANIA H# AND NEW YORK H# I ? H# AREN'T ACTUALLY AS LIBERAL MARYLAND IS A VERY LIBERAL H#,sw2780A-ws96-i-0014
498,2780A ,H# STATE SO H# SO ? ? HERE WE HAVE H# WE HAVE GUN CONTROL LAWS WE PROBABLY_! HAVE SOME OF THE H# STRICTEST GUN CONTROLS LAWS IN THE NATION H# AND MOST PEOPLE IN MARYLAND VOTE FOR THAT H# YOU KNOW H#,sw2780A-ws96-i-0015
499,2780A ,H# YOU KNOW H# SO IT REALLY IS A DIFFERENT H#,sw2780A-ws96-i-0016
500,2780A ,H# YEAH THAT'S THAT'S_! TRUE I TALK TO A I HAD TO TALK ABOUT GUN CONTROL WITH SOMEBODY H# AND I TALKED WITH A WOMAN WHO ACTUALLY H# YOU KNOW H#,sw2780A-ws96-i-0017
501,2780A ,H# YOU KNOW H# HAD JUST PURCHASED_! A GUN THAT_#,sw2780A-ws96-i-0018
502,2780A ,DAY_# H#,sw2780A-ws96-i-0019
503,2780A ,H# AND WAS GOING TARGET SHOOTING H#,sw2780A-ws96-i-0020
504,2780A ,H# YOU KNOW AND IT WAS VERY DIFFERENT_#,sw2780A-ws96-i-0021
505,2780A ,H# IT WAS A WHOLE DIFFERENT_#,sw2780A-ws96-i-0022
506,2780A ,H# THIS HAS OPENED MY EYES TO THINKING H# YOU KNOW AT ONE TIME I JUST SAT HERE AND THOUGHT WELL H# HOW CAN ANYBODY BELIEVE THAT H# BECAUSE I'D REALLY NEVER MET PEOPLE THAT DID H#,sw2780A-ws96-i-0023
507,2780A ,H# AND NOW I TALK TO PEOPLE THAT DO SO THAT H# IT'S REALLY INTERESTING_! H#,sw2780A-ws96-i-0024
508,2780B ,h# ALTHOUGH I CLAIM FLORIDA AS MY HOME NOW h#,sw2780B-ws96-i-0006
509,2782A ,h# WE'RE ON THE EAST COAST NOW h#,sw2782A-ws96-i-0013
510,2782B ,h# I GUESS SO h#,sw2782B-ws96-i-0001
511,2785B ,YES h#,sw2785B-ws96-i-0089
512,2791A ,h# AND NOT GET THE CAREER POLITICIANS h#,sw2791A-ws96-i-0106
513,2792B ,h# MOSTLY h#,sw2792B-ws96-i-0003
514,2792B ,h# OH WOW h#,sw2792B-ws96-i-0125
515,2793A ,h# BUT TRADE A YEAR h#,sw2793A-ws96-i-0103
516,2793A ,h# BUT IF WE TOOK THESE PEOPLE OFF h#,sw2793A-ws96-i-0114
517,2794A ,h# IS h#,sw2794A-ws96-i-0005
518,2794A ,h# OH ABSOLUTELY h# ABSOLUTELY h#,sw2794A-ws96-i-0102
519,2794B ,h# OH THAT'S INTERESTING h#,sw2794B-ws96-i-0016
520,2797A ,AND_# h# THE TAX h# WAS ADMINISTERED h# BY h#,sw2797A-ws96-i-0016
521,2797A ,H# IT WASN'T UNTIL THE LAST h# TWO YEARS h#,sw2797A-ws96-i-0093
522,2802A ,H# SEE THAT'S h# THAT ISN'T EVEN h# I MEAN I'M NOT h# SURE THAT A h#,sw2802A-ws96-i-0045
523,2802A ,THE_# GROCERIES AND h# THAT WOULD BE A LITTLE h#,sw2802A-ws96-i-0126
524,2802A ,H# WELL h# YOU KNOW AND THEY SAY THAT_! h#,sw2802A-ws96-i-0135
525,2803B ,H# AND it WE WOULD GO OUT AND NOT EVEN LOCK OUR DOORS h#,sw2803B-ws96-i-0065
526,2803B ,H# THEY DON'T EVEN HAVE A BONDING WITH THAT CHILD THEY don't h#,sw2803B-ws96-i-0125
527,2805A ,h# FIRM h#,sw2805A-ws96-i-0028
528,2806A ,H# PICKED UP h# ONE IN h#,sw2806A-ws96-i-0043
529,2810A ,H# YEAH IT IS h#,sw2810A-ws96-i-0036
530,2818B ,H# JUST h# MAKE GOOD FRIENDS h#,sw2818B-ws96-i-0093
531,2819A ,h# YEAH THAT'S THAT'S GOOD POINT h#,sw2819A-ws96-i-0038
532,2819A ,h# BOY h#,sw2819A-ws96-i-0070
533,2819B ,H# YEAH WELL SEVENTH FLOOR h#,sw2819B-ws96-i-0063
534,2820A ,H# YEAH h# YEAH h#,sw2820A-ws96-i-0046
535,2820B ,H# NEVER A PROBLEM h#,sw2820B-ws96-i-0027
536,2826A ,H# I NEVER h# I NEVER SAW A RIOT h#,sw2826A-ws96-i-0028
537,2826A ,AND_# IT'S VERY DIFFICULT TO h#,sw2826A-ws96-i-0043
538,2830A ,YEAH I'VE BEEN SITTING HERE ALTERNATELY READING AND WATCHING TELEVISION_! H#,sw2830A-ws96-i-0001
539,2830A ,H# YOU WERE_! H# HE WAS WAITING FOR WHAT AGAIN H#,sw2830A-ws96-i-0003
540,2830A ,H# THAT'S WHAT THIS WAS YEAH H# WELL LET ME GO AHEAD AND PUSH ONE OKAY H# OKAY H#,sw2830A-ws96-i-0004
541,2830A ,H# OKAY H#,sw2830A-ws96-i-0005
542,2830A ,H# WELL BASICALLY I LIKE H# COMEDY SHOWS H#,sw2830A-ws96-i-0006
543,2830A ,H# MURPHY BROWN H#,sw2830A-ws96-i-0008
544,2830A ,H# DESIGNING WOMEN THAT ELK H#,sw2830A-ws96-i-0009
545,2830A ,H# YEAH WHAT DO YOU LIKE H#,sw2830A-ws96-i-0010
546,2830A ,H# OH OKAY H#,sw2830A-ws96-i-0012
547,2830A ,H# THAT'S OKAY WE'VE BEEN MARRIED ELEVEN YEARS AND H# WE WENT THROUGH THAT H# AFTER ABOUT FIVE YEARS OF MARRIAGE MY OLD T V THAT I HAD H# FROM COLLEGE WHEN_! WE GOT MARRIED H# FINALLY WENT OUT AND WE WENT WE MADE IT FOR ABOUT ALMOST EIGHTEEN MONTHS WITHOUT A TELEVISION H#,sw2830A-ws96-i-0014
548,2830A ,H# YEAH H# BUT THEN ALL OF A SUDDEN WHEN YOU GET ONE YOU REALIZE H# GEE H#,sw2830A-ws96-i-0015
549,2830A ,H# I NEEDED THAT H# YOU KNOW AND THEN YOU GET THE REMOTE CONTROL THE STEREO PHONIC_#,sw2830A-ws96-i-0017
550,2830A ,H# WHATEVER AND H#,sw2830A-ws96-i-0018
551,2830A ,H# ALL THOSE THINGS,sw2830A-ws96-i-0019
552,2830A ,H# THINGS H# YEAH NOW OH YEAH AND THEN YOU NEVER USE THE V H#,sw2830A-ws96-i-0020
553,2830A ,VCR_# AND NOW WE HAVE TWO OF THEM AND THERE IT'S LIKE H# WE'RE JUST GLAD WE NEVER WENT OUT AND BOUGHT A COMPACT DISK PLAYER BECAUSE WE WOULDN'T USE IT H#,sw2830A-ws96-i-0021
554,2830A ,H# YEAH I MEAN IT'S H# BECAUSE YOUR NEVER HOME YOU KNOW YOU'RE WORKING YOU'RE AT SCHOOL H#,sw2830A-ws96-i-0023
555,2830A ,H# WELL I DON'T KNOW T V SHOWS WHAT WHAT CAN I TELL YOU H# BASICALLY_! JUNK THAT'S ON TELEVISION H#,sw2830A-ws96-i-0025
556,2830A ,H# THAT'S MY OPINION YEAH H#,sw2830A-ws96-i-0028
557,2830A ,H# I LIKE THINGS LIKE I JUST MENTIONED HAVE YOU EVER SEEN MURPHY BROWN OR ANYTHING LIKE THAT H#,sw2830A-ws96-i-0029
558,2830A ,H# YOU DON'T THINK SO H# THAT'S THE ONE WITH CANDICE BERGEN IN IT H#,sw2830A-ws96-i-0030
559,2830A ,YEAH_# THAT WOULD DO IT_#,sw2830A-ws96-i-0031
560,2830A ,H# RIGHT NOBODY DOES YEAH THEN UHHUH H#,sw2830A-ws96-i-0032
561,2830A ,H# AND THE H# THE H#,sw2830A-ws96-i-0034
562,2830A ,WELL I DON'T WHY DON'T YOU DO YOU'RE H# PROBABLY AT LEAST TEN YEARS YOUNGER THAN I AM BUT H# I COULD TELL YOU IN SCHOOL THAT H# STUDYING I EVER SAW IN THE DORM WAS H# THE THE ONE SOAP OPERA ALL MY CHILDREN H#,sw2830A-ws96-i-0035
563,2830A ,H# AND UNTIL THEN I'D NEVER PAID ATTENTION TO SOAP OPERAS H#,sw2830A-ws96-i-0036
564,2830A ,H# AND TO THIS DAY TWENTY YEARS LATER I'M LIKE I'M IN MY THIRTIES I'M NOT THAT OLD BUT I'M GOING H# JEEZ I CAN'T BELIEVE THAT THING'S STILL ON TELEVISION H#,sw2830A-ws96-i-0037
565,2830A ,H# YEAH THEY H#,sw2830A-ws96-i-0038
566,2830A ,H# YOU KNOW H# ABOUT THE ONLY OTHER KINDS OF THINGS I LIKE H# I LIKE TO WATCH A LOT OF NEWS H# DON'T YOU MISS THAT WITH NOT HAVING TELEVISION H# SO FAR H#,sw2830A-ws96-i-0039
567,2830A ,H# HOW LONG HAS IT BEEN SINCE YOU'VE HAD ONE H#,sw2830A-ws96-i-0040
568,2830A ,H# OH MY GOD H#,sw2830A-ws96-i-0041
569,2830A ,H# YEAH YOU'VE GOT ABOUT ANOTHER SIX MONTHS AND THEN YOU'LL GET ONE h# BY THEN h#,sw2830A-ws96-i-0043
570,2830A ,h# UHHUH h#,sw2830A-ws96-i-0045
571,2830A ,h# YEAH MY HUSBAND's AN ONLY CHILD TOO AND HE DID MISS IT THAT'S KIND OF WHY WE GOT BACK AFTER EIGHTEEN MONTHS h#,sw2830A-ws96-i-0046
572,2830A ,H# and me I'M TRYING TO THINK OF THE ONLY OTHER SHOW I WATCH h#,sw2830A-ws96-i-0048
573,2830A ,h# YEAH I ? the the COSBY h# L A LAW IS PROBABLY I'VE SEEN CHEERS MORE THAN THAT I HATE TO ADMIT BUT h#,sw2830A-ws96-i-0049
574,2830A ,h# CHEERS h# YEAH I THOUGHT IT WAS a GOOD I'VE ACTUALLY BEEN TO THAT BAR IN BOSTON IT'S A NICE YOU KNOW ? I THINK PRETTY FUNNY SHOW h#,sw2830A-ws96-i-0050
575,2830A ,h# YEAH h#,sw2830A-ws96-i-0051
576,2830A ,h# IT'S JUST A YOU KNOW h# OVER PRICED h#,sw2830A-ws96-i-0052
577,2830A ,h# DOWNTOWN,sw2830A-ws96-i-0054
578,2830A ,h# DOWNTOWN BOSTON YUPPIE YOU KNOW h#,sw2830A-ws96-i-0055
579,2830A ,h# YUPPIE YOU KNOW h#,sw2830A-ws96-i-0056
580,2830A ,TOURIST ATTRACTION h# I'M TRYING TO THINK WHAT ELSE IS ON h# I KNOW IT'S LIKE h#,sw2830A-ws96-i-0057
581,2830A ,h# YEAH WHO DIDN'T ISN'T THAT SAD h#,sw2830A-ws96-i-0058
582,2830A ,h# NO NO NO I LIKE THE PRO I LIKE ACTUALLY I LIKE PRO BASKETBALL AS OPPOSED h#,sw2830A-ws96-i-0059
583,2830A ,h# I'LL WATCH PRO h# FOOTBALL BUT I LIKE h# THE N B A PLAYOFFS h#,sw2830A-ws96-i-0060
584,2830A ,h# BACK WHEN LIKE THE PISTONS WERE IN THEM AND NOW h# WHERE ARE YOU CALLING FROM h#,sw2830A-ws96-i-0061
585,2830A ,h# SHERMAN TOWN WELL I'M IN DALLAS I h#,sw2830A-ws96-i-0062
586,2830A ,h# SAY WHERE AM I CALLING YOU FROM YEAH h# WELL THEN I DON'T KNOW IF YOU LIKE THE MAVERICKS OR NOT OR h#,sw2830A-ws96-i-0063
587,2830A ,h# THEY HAVEN'T BEEN THAT GOOD THIS YEAR h# UM WE'RE SUPPOSED TO TALK ABOUT TELEVISION LET'S h#,sw2830A-ws96-i-0064
588,2830A ,h# I h# DON'T HAVE A T V h#,sw2830A-ws96-i-0065
589,2830A ,h# YEAH I'M TALKING TO YOU FROM DALLAS UHHUH h#,sw2830A-ws96-i-0066
590,2830A ,h# MY VOICE YOU MEAN h#,sw2830A-ws96-i-0067
591,2830A ,h# OH h# NO THAT'S JUST BECAUSE I'VE MOVED AROUND AND h#,sw2830A-ws96-i-0068
592,2830A ,h# I'M ORIGINALLY FROM PENNSYLVANIA h#,sw2830A-ws96-i-0069
593,2830A ,h# UH ACTUALLY I'M A BIG CHICAGO BEARS' FAN h#,sw2830A-ws96-i-0071
594,2830A ,h# REAL BIG AND UM I ALWAYS WATCH THEM SO WHAT_# NO MATTER WHO'S ON OF COURSE YOU LIKE THEM TOO RIGHT h#,sw2830A-ws96-i-0072
595,2830A ,h# DO YOU h#,sw2830A-ws96-i-0073
596,2830A ,h# OH OKAY h#,sw2830A-ws96-i-0074
597,2830A ,h# YEAH THERE YOU GO AND THEN h#,sw2830A-ws96-i-0075
598,2830A ,h# AND h# TRYING_TO_THINK WHAT ELSE I WATCH ON TELEVISION SPORTS WISE h# I LIKE h# I LIKE TENNIS h#,sw2830A-ws96-i-0077
599,2830A ,h# SO I MEAN I'M NOT h# I HAVEN'T PLAYED IN YEARS BUT h# I JUST LIKE TO WATCH_#,sw2830A-ws96-i-0078
600,2830A ,TWO_# PLAYERS REALLY GET GO AT IT ON TELEVISION h#,sw2830A-ws96-i-0079
601,2830A ,h# GETS BORING AFTER A WHILE BUT h# I DON'T h#,sw2830A-ws96-i-0081
602,2830A ,h# OPRAH h#,sw2830A-ws96-i-0082
603,2830A ,h# UHHUH h#,sw2830A-ws96-i-0083
604,2830A ,h# YEAH ON THE TRACK h#,sw2830A-ws96-i-0084
605,2830A ,h# YEAH h#,sw2830A-ws96-i-0085
606,2830A ,h# MAYBE BECAUSE SHE GOT CHUBBY AGAIN OR SOMETHING h#,sw2830A-ws96-i-0086
607,2830A ,h# WAS SHE WAS HER SHOW BIG WHEN YOU WENT SCHOOL SINCE YOU HAVEN'T BEEN OUT THAT LONG h#,sw2830A-ws96-i-0087
608,2830A ,h# WAS HER SHOW BIG h# WHEN YOU WERE IN COLLEGE SINCE YOU HAVEN'T BEEN OUT THAT LONG h#,sw2830A-ws96-i-0088
609,2830A ,h# THAT LONG h#,sw2830A-ws96-i-0089
610,2830A ,h# WAS IT h#,sw2830A-ws96-i-0090
611,2830A ,h# YEAH I SAW h# RERUNS OF HER h#,sw2830A-ws96-i-0091
612,2830A ,SAW_# YEAH TAPES_#,sw2830A-ws96-i-0092
613,2830A ,h# SEE I KNOW ISN'T THAT TERRIBLE h#,sw2830A-ws96-i-0093
614,2830A ,h# I KNOW I GUESS WITH THAT MONEY WHO CARES h#,sw2830A-ws96-i-0094
615,2830A ,h# I DON'T KNOW h# YEAH LET'S SEE WHAT ELSE IS ON TELEVISION OH IF YOU DON'T HAVE A V C R h# WE JUST GOT ONE AFTER NINE YEARS DON'T EVEN h# SPEND YOUR MONEY ON IT h#,sw2830A-ws96-i-0096
616,2830A ,h# YEAH BECAUSE YOU KNOW IF YOU LIKE MOVIES LIKE WE DO h# YOU DO_IT ONCE IN A WHILE AND THEN h# YOU KNOW h# YOU SEE IT WHEN IT FIRST COMES OUT IF YOU REALLY WANT TO SEE IT AND THEN IT USUALLY COMES ON TELEVISION WITHIN TWO YEARS h#,sw2830A-ws96-i-0097
617,2830A ,h# YEAH h#,sw2830A-ws96-i-0100
618,2830A ,h# REALLY THAT'S h#,sw2830A-ws96-i-0101
619,2830A ,h# TELEVISION I DON'T KNOW IN GENERAL h# ON THIS PROJECT h# WE'RE SUPPOSE TO TALK ABOUT h#,sw2830A-ws96-i-0102
620,2830A ,h# TALK ABOUT THAT SO I MEAN I h#,sw2830A-ws96-i-0103
621,2830A ,h# THAT'S OKAY I DON'T_#,sw2830A-ws96-i-0104
622,2830A ,h# THAT'S OKAY I DON'T h# ?,sw2830A-ws96-i-0105
623,2830A ,h# THAT'S OKAY I DON'T h# DAWN I MEAN I h# I h# I ALWAYS h# DIGRESS h#,sw2830A-ws96-i-0106
624,2830A ,h# I HAD ONE LADY ONE TIME THEY CALLED IN I JUST SIGNED UP h# MY HUSBAND HAD HAD BEEN ON THIS PROJECT h# AND I'D I SHE CALLED IN AND IT WAS ALL ABOUT h# WE DON'T HAVE CHILDREN AND IT'S ALL ABOUT h# SENDING YOUR KIDS TO COLLEGE h#,sw2830A-ws96-i-0107
625,2830A ,h# AND WHY YOU WOULD ADVISE THEM h# AND SHE WAS FROM BOSTON AND SHE WAS h# I SHOULDN'T TALK ABOUT THAT h#,sw2830A-ws96-i-0108
626,2830A ,h# PRETEND SHE WAS A TELEVISION SHOW AND h#,sw2830A-ws96-i-0109
627,2830A ,h# SHE WAS VERY SNOOTY AND h# HER h# KIDS WERE GOING TO PLACES LIKE AMHERST h# AND B U AND I SAID I DIDN'T KNOW WHAT THAT WAS AND SHE WENT OH AND I THOUGHT h#,sw2830A-ws96-i-0110
628,2830A ,h# SO I KNOW I MEAN IT'S h#,sw2830A-ws96-i-0111
629,2830A ,h# SO I KNOW I MEAN IT'S LIKE DON'T WORRY ABOUT IT TELEVISION AT LEAST h#,sw2830A-ws96-i-0112
630,2830A ,h# YOU KNOW h# EVERYBODY'S h#,sw2830A-ws96-i-0113
631,2830A ,h# YOU KNOW h# EVERYBODY'S AT LEAST SEEN TELEVISION_! DURING THE WAR DID YOU LAUGH WHEN THEY HAD THAT MAN ON NOW WHAT WAS HIS NAME WOLF BLITZER h#,sw2830A-ws96-i-0114
632,2830A ,h# THAT GUY THAT WAS REPORTER FOR C N N h#,sw2830A-ws96-i-0115
633,2830A ,h# HIS NAME IS WOLF BLITZER DID YOU SEE IT h# HIM WHEN HE WAS DOING THE COVERAGE OF THE GULF h#,sw2830A-ws96-i-0116
634,2830A ,h# NO THAT WAS THE OTHER GUY FROM C B S OH WHAT WAS HIS NAME h#,sw2830A-ws96-i-0117
635,2830A ,H# I CAN'T REMEMBER HIS NAME h#,sw2830A-ws96-i-0121
636,2830A ,h# THEY HAVE BUT JUST OF h#,sw2830A-ws96-i-0122
637,2830A ,h# THEY MADE JOKES ABOUT HIM LIKE ON THE CARSON SHOW AND ALL THAT h#,sw2830A-ws96-i-0123
638,2830A ,H# JAY LENO,sw2830A-ws96-i-0124
639,2830A ,h# HUH h#,sw2830A-ws96-i-0125
640,2830A ,h# YEAH HE'S FUNNY h#,sw2830A-ws96-i-0126
641,2830A ,h# YES SATURDAY NIGHT LIVE HAS CHANGED A LOT IF YOU HAVEN'T SEEN IT IN ABOUT A YEAR h#,sw2830A-ws96-i-0127
642,2830A ,h# I MEAN I HAVEN'T SEEN IT A COUPLE MONTHS BUT h#,sw2830A-ws96-i-0128
643,2830A ,h# YEAH ACTUALLY I THINK IT HAS I MEAN THEY FINALLY LIKE DANA CARVEY AND SOME OF h#,sw2830A-ws96-i-0130
644,2830A ,SOME_# OF THOSE PEOPLE THEY REALLY HAVE SOME FUNNY CHARACTERS ON THERE h#,sw2830A-ws96-i-0131
645,2830A ,h# YEAH THEY HAVE ONE CHARACTER ON THERE h# THEY JUST CALL IT PAT h# AND THEY YOU DON'T KNOW IF IT'S A MAN OR A WOMAN h#,sw2830A-ws96-i-0132
646,2830A ,h# AND THEY SAY WELL THEY'RE TRYING TO h# DEDUCE WHAT HE WHAT HE OR SHE IS h#,sw2830A-ws96-i-0134
647,2830A ,h# BUT TO SEE IF IT'S A FEMALE THEY SAY WELL DO YOU CARRY A PURSE h# AND PAT SAYS NO I CARRY A FANNY PACK h#,sw2830A-ws96-i-0135
648,2830A ,h# SEE STILL DON'T KNOW BECAUSE A FANNY PACK IS MAN OR h# NOWADAYS YOU KNOW h#,sw2830A-ws96-i-0138
649,2830A ,h# YEAH IT'S WEIRD h#,sw2830A-ws96-i-0139
650,2830A ,h# YEAH IT'S PRETTY h# IT IS PRETTY FUNNY I MEAN THEY DO SOME CRAZY THINGS_#,sw2830A-ws96-i-0141
651,2830A ,h# YEAH WAYNE'S WORLD HEY MAN h#,sw2830A-ws96-i-0142
652,2830A ,h# AND WHAT'S THAT OTHER ONE WHERE THEY h#,sw2830A-ws96-i-0144
653,2830A ,h# WHERE THEY DO THE h# SKITS WELL YOU MUST HAVE SEEN IT RECENTLY h#,sw2830A-ws96-i-0146
654,2830A ,h# YOU PROBABLY HAVE SOME FRIENDS HAVE TELEVISION h#,sw2830A-ws96-i-0147
655,2830A ,h# I SEE YOU PROBABLY HAVE SOME FRIENDS THAT HAVE TELEVISION h#,sw2830A-ws96-i-0148
656,2830A ,h# YOU KNOW I MEAN YOU'RE NOT TOTALLY OUT OF THE LOOP h#,sw2830A-ws96-i-0150
657,2830A ,h# I MEAN YEAH h#,sw2830A-ws96-i-0151
658,2830A ,h# YEAH I MEAN YOU REALLY YOU CAN DO WITHOUT ONE BUT AFTER AWHILE IT WILL START h# YOU KNOW I MEAN YOU JUST KIND OF ALL OF A SUDDEN BECAUSE YOU'RE GOING WELL GEE THAT h# YOU YOU HEAR ABOUT SOMETHING THAT SOMEBODY ELSE TALKED ABOUT h#,sw2830A-ws96-i-0153
659,2830A ,h# AND YOU JUST h#,sw2830A-ws96-i-0154
660,2830A ,h# END UP DOING IT BUT IF YOU HAVEN'T BEEN MARRIED THAT LONG YOU KNOW h#,sw2830A-ws96-i-0155
661,2830A ,h# YOU'RE DOING OTHER THINGS h#,sw2830A-ws96-i-0156
662,2830A ,h# IS THAT ON TAPE h#,sw2830A-ws96-i-0160
663,2830A ,h# THERE YOU GO YEAH h#,sw2830A-ws96-i-0162
664,2830A ,h# OH MY AND WHAT ELSE IS ON I DON'T KNOW h# WHAT DID THEY WATCH IN COLLEGE WHEN YOU WERE h# IN SCHOOL_# WHERE'D YOU GO TO SCHOOL h#,sw2830A-ws96-i-0163
665,2830A ,h# OH THAT'S A GOOD SCHOOL h#,sw2830A-ws96-i-0164
666,2830A ,h# YEAH I KNOW ABOUT THAT h# THEY DON'T HAVE SOUTHERN ACCENTS UP THERE THOUGH h#,sw2830A-ws96-i-0165
667,2830A ,h# YOU MUST BE NATIVE TEXAN h#,sw2830A-ws96-i-0166
668,2830A ,h# WAY FROM INDIANA YEAH h#,sw2830A-ws96-i-0167
669,2830A ,h# OH REAL SOUTHERN YEAH h#,sw2830A-ws96-i-0168
670,2830A ,h# DEEP YOU HAVE DEEP ONE YEAH h#,sw2830A-ws96-i-0169
671,2830A ,h# IT IS h# AT PURDUE I'M TRYING THINK I WENT TO HIGH SCHOOL IN CHICAGO I'M TRYING THINK WHAT PURDUE KIDS WATCH_#,sw2830A-ws96-i-0171
672,2830A ,h# OKAY h#,sw2830A-ws96-i-0172
673,2830A ,h# DO YOU KNOW THAT I'VE NEVER I THINK OTHER THAN EXCEPT LIKE ON A COMMERCIAL OR ON NEWS COVERAGE OR SOMETHING h#,sw2830A-ws96-i-0173
674,2830A ,h# like entertainment TONIGHT I'VE NEVER SEEN M T V h#,sw2830A-ws96-i-0175
675,2830A ,h# THAT'S KIND OF WHAT I'VE HEARD_! h#,sw2830A-ws96-i-0176
676,2830A ,h# I MEAN THAT'S YEAH h#,sw2830A-ws96-i-0178
677,2830A ,h# YEAH NO WE DON'T AND I WOULDN'T EVEN h# I MEAN I DON'T EVEN HAVE CABLE I DON'T THINK IT'S WORTH TEN TO THIRTY BUCKS A MONTH TO PAY h#,sw2830A-ws96-i-0179
678,2830A ,h# A MONTH TO PAY SOMEBODY TO h# YOU KNOW GIVE ME A HUNDRED AND FIFTY h#,sw2830A-ws96-i-0180
679,2830B ,H# I WAS h# TO GOING SAY h#,sw2830B-ws96-i-0058
680,2832A ,H# NO NOT h# SIX h# FEET BUT h#,sw2832A-ws96-i-0101
681,2832A ,H# THE HOME IMPROVEMENTS h#,sw2832A-ws96-i-0114
682,2834B ,?_# IN TEXAS SORT OF THING_#,sw2834B-ws96-i-0155
683,2834B ,h# A h# WHILE_#,sw2834B-ws96-i-0174
684,2837A ,H# ON A h#,sw2837A-ws96-i-0127
685,2837B ,H# FUNNY ABOUT WHAT SHE SPRAYS_#,sw2837B-ws96-i-0102
686,2839B ,H# LIVING OFF OF US h#,sw2839B-ws96-i-0032
687,2843A ,H# AS I h# WENT ALONG WHEN I STARTED h# AT h# FIRST_! h#,sw2843A-ws96-i-0016
688,2847A ,H# THAT DOES CUT INTO YOUR ?_#,sw2847A-ws96-i-0008
689,2847A ,H# REPRINTING THOSE_! h#,sw2847A-ws96-i-0151
690,2851A ,H# NOW WHAT h# DO YOU h# MOSTLY DO h#,sw2851A-ws96-i-0008
691,2851A ,H# YEAH h#,sw2851A-ws96-i-0017
692,2851B ,H# WE'RE ABOUT TO TAKE THE KIDS TO h#,sw2851B-ws96-i-0009
693,2851B ,h# have YOU LIVED IN NORTH CAROLINA h#,sw2851B-ws96-i-0026
694,2858B ,H# THE FEW AND FAR BETWEEN I THINK THAT h#,sw2858B-ws96-i-0072
695,2859A ,H# NO I KNOW h#,sw2859A-ws96-i-0079
696,2866A ,H# YOU KNOW I DON'T h# SO h# SO TELEVISION IS MY MAIN NEWS SOURCE h#,sw2866A-ws96-i-0030
697,2866A ,H# SO start] I'M ACTUALLY h# IN BALTIMORE h# YEAH_YOU COULD SAY I'M IN BALTIMORE h#,sw2866A-ws96-i-0041
698,2866A ,h# TWO YEARS AGO WHEN ALL THAT WAS GOING ON IN IN h# BEIJING h# YOU KNOW THAT h# IT'S AN INTERESTING h#,sw2866A-ws96-i-0059
699,2866B ,UHHUH_# I HEARD ABOUT THAT h#,sw2866B-ws96-i-0056
700,2867A ,h# YOU WALKOUT THERE h#,sw2867A-ws96-i-0074
701,2868B ,h# AND I LIVED THERE FOR SEVEN YEARS h#,sw2868B-ws96-i-0045
702,2870A ,BUT_# BECAUSE IT WAS HE HAD AFFAIR h#,sw2870A-ws96-i-0099
703,2870A ,h# AND IT JUST THREW HIM OUT OF THE WHOLE RUNNING h#,sw2870A-ws96-i-0100
704,2870B ,h# I THINK THAT'S h# THAT'S HAVING A BIG EFFECT ON HOW h# POORLY THAT THE COUNTRY'S BEING RUN IS THAT h#,sw2870B-ws96-i-0122
705,2871A ,OH_# YEAH THAT WAS GREAT h#,sw2871A-ws96-i-0086
706,2871A ,h# OH YEAH OH YEAH h#,sw2871A-ws96-i-0099
707,2875A ,[crosstalk] KNOWLEDGEABLE PEOPLE [crosstalk],sw2875A-ws96-i-0024
708,2875A ,h# NO THE AUTO SHOW THEY HAD FANTASTIC LOOKING CARS h#,sw2875A-ws96-i-0090
709,2875A ,h# YEAH h# I'M KEEPING V EIGHT h# V EIGHT CHEVY ENGINES_#,sw2875A-ws96-i-0132
710,2876B ,h# WHICH GOT PEOPLE REALLY GOING INTO IT h#,sw2876B-ws96-i-0062
711,2877A ,h# AND h# I CAN OVER DO IT ON HER h# h#,sw2877A-ws96-i-0086
712,2877B ,h# UMHUM HOW LONG HAVE YOU HAD THEM h#,sw2877B-ws96-i-0017
713,2877B ,h# I BET h#,sw2877B-ws96-i-0036
714,2879B ,PENNSYLVANIA_# MAY HAVE JUST REENACTED IT BECAUSE I'M h# h#,sw2879B-ws96-i-0087
715,2884B ,h# OUT OF HER PAYCHECK EACH WEEK_#,sw2884B-ws96-i-0035
716,2887B ,h# YEAH I AGREE ON THAT AND h#,sw2887B-ws96-i-0001
717,2887B ,h# YOU KNOW IT SEEMS h#,sw2887B-ws96-i-0002
718,2887B ,h# COMPARED TO WHAT WE h# OUR SALARY IS h#,sw2887B-ws96-i-0003
719,2887B ,h# VERSUS WHAT h# OUR HEALTH CARE IS h# OUR HEALTH CARE KEEPS INCREASING INCREASING INCREASING h#,sw2887B-ws96-i-0004
720,2887B ,h# AND h# NOT TO THE SAME RATE AS OUR PAY h#,sw2887B-ws96-i-0006
721,2887B ,h# RIGHT ME EITHER h#,sw2887B-ws96-i-0008
722,2887B ,h# UHHUH h#,sw2887B-ws96-i-0010
723,2887B ,h# YES h#,sw2887B-ws96-i-0011
724,2887B ,h# RIGHT h#,sw2887B-ws96-i-0012
725,2887B ,h# MONEY INSTEAD_! h#,sw2887B-ws96-i-0013
726,2887B ,h# RIGHT I FEEL SAME WAY ACTUALLY h# WE DON'T h#,sw2887B-ws96-i-0014
727,2887B ,h# USE ANY OF T.I.'S BENEFIT h#,sw2887B-ws96-i-0015
728,2887B ,h# OTHER THAN h# I I BUY BONDS AND h#,sw2887B-ws96-i-0016
729,2887B ,h# AND h#,sw2887B-ws96-i-0017
730,2887B ,h# NOT AT ALL h#,sw2887B-ws96-i-0018
731,2887B ,h# MY HUSBAND'S YES WE USE MY HUSBAND'S h#,sw2887B-ws96-i-0019
732,2887B ,H# HE start] h# HE WORKS FOR BRAMALEA COMPANY AND THEY PAY ONE HUNDRED PERCENT h#,sw2887B-ws96-i-0020
733,2887B ,h# NOT ONE DIME IS DEDUCTED FROM HIS CHECK_#,sw2887B-ws96-i-0021
734,2887B ,h# BRAMALEA h#,sw2887B-ws96-i-0023
735,2887B ,h# IT'S A h# SECURITY COMPANY AND h# AND BUILDING h# THEY OWN A LOT OF BUILDINGS AND LEASE BUILDINGS_#,sw2887B-ws96-i-0024
736,2887B ,h# YEAH ACTUALLY THEY'RE FROM CANADA THEY'RE CANADA BASED h#,sw2887B-ws96-i-0026
737,2887B ,h# UHHUH h#,sw2887B-ws96-i-0027
738,2887B ,h# RIGHT h#,sw2887B-ws96-i-0028
739,2887B ,h# RIGHT YEAH IT'S ALL TAKEN CARE h#,sw2887B-ws96-i-0029
740,2887B ,h# YEAH BUT h# ? h# OUR PRESCRIPTIONS AND h# EVERYTHING OUR h# VISITS TO THE DOCTOR OUR HOSPITALIZATION h# THE ONLY THING WE PAY FOR IS IF h#,sw2887B-ws96-i-0030
741,2887B ,h# IF SOMETHING HAPPENED EMERGENCY h# AND h# WE HAD TO HAVE AN AMBULANCE IT'S TWENTY-FIVE DOLLARS h#,sw2887B-ws96-i-0032
742,2887B ,h# I MEAN THAT'S h# NOTHING h#,sw2887B-ws96-i-0034
743,2887B ,h# REALLY h# YEAH h# WELL h#,sw2887B-ws96-i-0036
744,2887B ,T I WAS h# GETTING h# FOR THE BOTH OF US IS LIKE SEVENTY-FIVE DOLLARS h# MONTH h#,sw2887B-ws96-i-0037
745,2887B ,h# YOU KNOW h# DEDUCTED FOR A H M O h#,sw2887B-ws96-i-0038
746,2887B ,h# UHHUH h#,sw2887B-ws96-i-0040
747,2887B ,h# UHHUH h#,sw2887B-ws96-i-0042
748,2887B ,h# OH YEAH h# YEAH h#,sw2887B-ws96-i-0043
749,2887B ,h# WE DON'T EITHER h#,sw2887B-ws96-i-0044
750,2887B ,h# NEITHER ONE OF US DO h#,sw2887B-ws96-i-0045
751,2887B ,H# UMHUM h#,sw2887B-ws96-i-0047
752,2887B ,h# RIGHT h#,sw2887B-ws96-i-0048
753,2887B ,h# YEAH h#,sw2887B-ws96-i-0049
754,2887B ,h# YEAH h#,sw2887B-ws96-i-0050
755,2887B ,h# EXACTLY h#,sw2887B-ws96-i-0051
756,2887B ,h# EXACTLY YOU CAN'T CHARGE MORE FOR_A PERSON WHO'S ON A FLIGHT h#,sw2887B-ws96-i-0052
757,2887B ,h# JUST BECAUSE THEY'RE LARGER h#,sw2887B-ws96-i-0053
758,2887B ,h# YEAH h#,sw2887B-ws96-i-0054
759,2887B ,H# I DON'T KNOW H#,sw2887B-ws96-i-0056
760,2887B ,h# YEAH h#,sw2887B-ws96-i-0058
761,2887B ,h# YEAH THEY ARE AS h# FAR AS THEIR LIKE PENSION PLANS ARE_#,sw2887B-ws96-i-0059
762,2887B ,h# THEY're VESTED A LOT EARLIER I THINK AT T I IT's what FIVE YEARS h#,sw2887B-ws96-i-0060
763,2887B ,h# from FIVE TO SEVEN h#,sw2887B-ws96-i-0062
764,2887B ,h# AND THEY'RE VESTED AFTER THEIR FIRST YEAR h#,sw2887B-ws96-i-0064
765,2887B ,h# ? TOTALLY VESTED,sw2887B-ws96-i-0065
766,2887B ,h# AND THEY HAVE THE h# FOUR O ONE K AND THE USUAL h#,sw2887B-ws96-i-0066
767,2887B ,h# BENEFITS LIKE THAT h#,sw2887B-ws96-i-0067
768,2887B ,h# RIGHT h#,sw2887B-ws96-i-0068
769,2887B ,h# NO THEY MATCH THE SAME AMOUNT h#,sw2887B-ws96-i-0069
770,2887B ,h# YEAH WELL h# THEY MATCH FOUR PERCENT WHICH IS THE SAME h#,sw2887B-ws96-i-0070
771,2887B ,h# YOU KNOW FIFTY PERCENT OF FOUR PERCENT h#,sw2887B-ws96-i-0071
772,2887B ,h# UHHUH h#,sw2887B-ws96-i-0072
773,2887B ,h# YEAH h#,sw2887B-ws96-i-0073
774,2887B ,h# YEAH h#,sw2887B-ws96-i-0074
775,2887B ,h# RIGHT h#,sw2887B-ws96-i-0075
776,2887B ,h# RIGHT h#,sw2887B-ws96-i-0076
777,2887B ,h# YEAH THAT h# AND I KNOW THAT'S BIG ISSUE BECAUSE I h# h# I BELONG TO WOMEN'S FORUM GROUP h#,sw2887B-ws96-i-0077
778,2887B ,h# AND h# SOME THE QUESTIONS WE'RE GETTING ARE h# ARE h# ON SITE DAY CARE AND THINGS LIKE THAT h#,sw2887B-ws96-i-0078
779,2887B ,h# THAT h# THEY CONSIDER h# A VERY SERIOUS BENEFIT h# AND h# I CAN'T TELL YOU ANYBODY RIGHT NOW AT T I THAT'S h# CONSIDERING THAT h#,sw2887B-ws96-i-0079
780,2887B ,h# SO h#,sw2887B-ws96-i-0080
781,2887B ,h# THEY SHOULD BE THOUGH h#,sw2887B-ws96-i-0081
782,2887B ,h# RIGHT h#,sw2887B-ws96-i-0082
783,2887B ,h# UHHUH h#,sw2887B-ws96-i-0084
784,2887B ,h# E D S IS_#,sw2887B-ws96-i-0085
785,2887B ,h# IS BETTER THAN SPRING CREEK h#,sw2887B-ws96-i-0086
786,2887B ,h# YEAH h#,sw2887B-ws96-i-0088
787,2887B ,h# OH YEAH h#,sw2887B-ws96-i-0089
788,2887B ,h# PEOPLE YEAH h#,sw2887B-ws96-i-0090
789,2887B ,h# OH I SEE h#,sw2887B-ws96-i-0092
790,2887B ,h# RIGHT h#,sw2887B-ws96-i-0093
791,2887B ,h# YEAH h#,sw2887B-ws96-i-0094
792,2887B ,h# THAT'S GOOD THAT'S A h# THAT'S A FORTUNATE h# BENEFIT YOU KNOW THAT h#,sw2887B-ws96-i-0095
793,2887B ,h# THEY'RE SO ACTIVE h#,sw2887B-ws96-i-0096
794,2887B ,h# FOR THEIR EMPLOYEES h#,sw2887B-ws96-i-0097
795,2887B ,h# UHHUH h#,sw2887B-ws96-i-0098
796,2887B ,h# YEAH h#,sw2887B-ws96-i-0100
797,2887B ,h# ME TOO h#,sw2887B-ws96-i-0101
798,2887B ,h# ME TOO BECAUSE YOU KNOW WITH UTILITIES AND h# AND HOMES THAT ARE h#,sw2887B-ws96-i-0102
799,2887B ,h# PRICE OF HOMES HAS WENT UP_#,sw2887B-ws96-i-0103
800,2887B ,h# DRASTICALLY LIKE_#,sw2887B-ws96-i-0104
801,2887B ,H# LIKE AN AVERAGE HOUSE IS NOW A HUNDRED THIRTY THOUSAND h#,sw2887B-ws96-i-0105
802,2887B ,h# AND THAT IS UNREAL,sw2887B-ws96-i-0106
803,2887B ,h# BECAUSE WE'VE GOT PEOPLE OUT HERE THAT ARE h# JUST h#,sw2887B-ws96-i-0107
804,2887B ,h# POVERTY LEVEL BUT THEN WE GOT THESE MILLION DOLLAR HOMES SO h#,sw2887B-ws96-i-0108
805,2887B ,h# YOU KNOW WHERE DO YOU FIND A HAPPY MEDIUM AND h# HOW DOES YOUR SALARY,sw2887B-ws96-i-0109
806,2887B ,h# DEAL WITH THAT IT'S NOT h#,sw2887B-ws96-i-0110
807,2887B ,h# YEAH h#,sw2887B-ws96-i-0111
808,2887B ,h# YEAH_! h#,sw2887B-ws96-i-0112
809,2887B ,h# UMHUM,sw2887B-ws96-i-0114
810,2887B ,h# THAT'S TRUE THAT IS EXACTLY WHERE WE ARE h#,sw2887B-ws96-i-0115
811,2887B ,H# THAT'S SO STRANGE h#,sw2887B-ws96-i-0116
812,2887B ,h# COMMON PROBLEM h#,sw2887B-ws96-i-0118
813,2887B ,h# RIGHT h#,sw2887B-ws96-i-0122
814,2887B ,h# YEAH AND I THINK DALLAS h# AS FAR AS h#,sw2887B-ws96-i-0123
815,2887B ,h# ECONOMIC h# UNCERTAINTY IS BETTER h# THAN WHAT h# MOST OF THE COUNTRY IS h#,sw2887B-ws96-i-0124
816,2887B ,h# SO h#,sw2887B-ws96-i-0125
817,2887B ,h# SOMEHOW WE'RE BETTER OFF THAN A LOT OF THEM h#,sw2887B-ws96-i-0126
818,2887B ,h# NO h#,sw2887B-ws96-i-0127
819,2887B ,h# UHHUH h#,sw2887B-ws96-i-0129
820,2887B ,h# YEAH h#,sw2887B-ws96-i-0131
821,2887B ,h# EMPOWERMENT h# ISSUE h#,sw2887B-ws96-i-0132
822,2887B ,h# IS SHE h# RIGHT h#,sw2887B-ws96-i-0133
823,2887B ,h# RIGHT h#,sw2887B-ws96-i-0134
824,2887B ,h# WELL h# VERY WELL h#,sw2887B-ws96-i-0135
825,2887B ,h# IT'S SLOW THOUGH h#,sw2887B-ws96-i-0136
826,2887B ,h# AT LEAST THEY'RE MAKING THE EFFORT TO PUT IT OUT THERE_AND MAKE IT AVAILABLE h#,sw2887B-ws96-i-0137
827,2887B ,h# AND h#,sw2887B-ws96-i-0138
828,2887B ,h# CULTURAL CHANGE WITHIN THE MANAGEMENT FIRST AND NOW IT'S KIND OF FILTERING DOWN TO THE PEON LEVEL h#,sw2887B-ws96-i-0139
829,2887B ,h# BUT h#,sw2887B-ws96-i-0140
830,2887B ,h# I THINK THEY'RE REALLY TRYING h#,sw2887B-ws96-i-0142
831,2887B ,h# IT'S GOnna TAKE h# YEARS THOUGH h#,sw2887B-ws96-i-0143
832,2887B ,h# I MEAN IT'S JUST h# IT'S h# THAT MINDSET h#,sw2887B-ws96-i-0144
833,2887B ,h# HAS TO CHANGE YEAH h#,sw2887B-ws96-i-0146
834,2887B ,h# YEAH h#,sw2887B-ws96-i-0148
835,2887B ,h# YEAH h#,sw2887B-ws96-i-0149
836,2887B ,h# DIDN'T WANT TO CHANGE h#,sw2887B-ws96-i-0150
837,2887B ,h# RIGHT h#,sw2887B-ws96-i-0151
838,2887B ,h# YEAH h#,sw2887B-ws96-i-0152
839,2887B ,h# YEAH h#,sw2887B-ws96-i-0153
840,2887B ,h# OKAY YEAH_#,sw2887B-ws96-i-0154
841,2887B ,ME_# TOO h#,sw2887B-ws96-i-0155
842,2887B ,h# GOOD TALKING TO YOU h#,sw2887B-ws96-i-0156
843,2887B ,h# THANKS h#,sw2887B-ws96-i-0157
844,2888A ,h# BUT h# I'M A NEWS REPORTER SO I h#,sw2888A-ws96-i-0017
845,2889A ,h# AND h# THERE'S SOME STUFF IT'S REALLY h# FOR h#,sw2889A-ws96-i-0016
846,2889B ,i'd_# RATHER h#,sw2889B-ws96-i-0014
847,2889B ,h# NOT REALLY h#,sw2889B-ws96-i-0021
848,2889B ,H# NOT BEING REAL SMOOTH LOOKING h#,sw2889B-ws96-i-0067
849,2893B ,h# WE ALL ARE h#,sw2893B-ws96-i-0038
850,2896A ,H# I'VE h# PAINTED SEVERAL HOUSES h#,sw2896A-ws96-i-0023
851,2896A ,H# ROLLERS AND h#,sw2896A-ws96-i-0062
852,2897A ,H# T I AND SOME OTHER PLACES YOU KNOW THEY HAVE h#,sw2897A-ws96-i-0017
853,2898B ,H# YEAH h#,sw2898B-ws96-i-0047
854,2909A ,H# ONCE THEY HAVE CHILDREN OVER HERE h#,sw2909A-ws96-i-0045
855,2909B ,H# OH YEAH h#,sw2909B-ws96-i-0048
856,2909B ,H# OH YEAH h# THOSE WERE LAWS ARE UNUSUAL yeah_#,sw2909B-ws96-i-0086
857,2910A ,h# I DIDN'T KNOW THAT YEAH h#,sw2910A-ws96-i-0054
858,2911A ,h# RIGHT DO YOU WORK h#,sw2911A-ws96-i-0001
859,2911A ,h# IT'S h# LIKE A HUNDRED DOLLARS A MONTH h#,sw2911A-ws96-i-0017
860,2911A ,h# IT'S NOT JUST h# MEDICAL INSURANCE h#,sw2911A-ws96-i-0021
861,2911A ,h# I TOOK DATA PROCESSING IN COLLEGE_#,sw2911A-ws96-i-0049
862,2911A ,h# I'M GOING TO BE THERE FOR THEM_#,sw2911A-ws96-i-0099
863,2915A ,h# SO THEY GET YOU COMING AND GOING h#,sw2915A-ws96-i-0008
864,2915A ,h# BECAUSE THEY HAVE THE MONEY TO SHELTER h# THINGS AND h#,sw2915A-ws96-i-0017
865,2915B ,H# I THINK THEY WASTE WHAT h# ALL THE MONEY THAT WE PAY_# h#,sw2915B-ws96-i-0003
866,2921B ,h# IN THE MOUNT LEBANON AREA h#,sw2921B-ws96-i-0100
867,2924B ,H# BUT I THINK h#,sw2924B-ws96-i-0017
868,2926B ,H# WOULD SAY h# YOU KNOW WHAT DID YOU DO TODAY h#,sw2926B-ws96-i-0053
869,2926B ,h# ARE h# UNDER TWENTY FIVE_#,sw2926B-ws96-i-0109
870,2927A ,H# ARIZONA USED TO BE LIKE h# YOU KNOW,sw2927A-ws96-i-0041
871,2929B ,h# AND HOPEFULLY THAT THEY WOULD HAVE THEIR h#,sw2929B-ws96-i-0034
872,2932A ,H# BUT h# I'M LIKE YOU I CAME DOWN_! FROM COLORADO h#,sw2932A-ws96-i-0109
873,2932B ,h# THERE'S LESS TIME SPENT OUTSIDE h# MAKING IT LOOK NICE h#,sw2932B-ws96-i-0059
874,2932B ,h# EIGHTY FIVE h#,sw2932B-ws96-i-0076
875,2934B ,h# INTO OUR AREA NORTH CAROLINA h#,sw2934B-ws96-i-0021
876,2935B ,h# I MEAN IT'S JUST YOU REALLY REALLY h#,sw2935B-ws96-i-0046
877,2938A ,h# POLLUTION h#,sw2938A-ws96-i-0081
878,2938B ,h# OH I SEE HUH h#,sw2938B-ws96-i-0119
879,2941A ,h# AND JEEZ IF IT WASN'T h# THE h#,sw2941A-ws96-i-0060
880,2941A ,h# AND SHE SAYS OH AND h# YOU KNOW h# I WOULDN'T h# PUT THE GEL IN MY HAIR h# YOU KNOW h# IN_OTHER WORDS h# YOU'RE TO BORE US A h# you know a TWO OR THREE PIECE SUIT h#,sw2941A-ws96-i-0098
881,2942A ,h# AN h# ELECTRICAL ENGINEER STUDENT AND THEN h# SWITCHED OVER AT SOME POINT h#,sw2942A-ws96-i-0038
882,2942B ,h# well LET h# LET ME ENCOURAGE YOU TO h#,sw2942B-ws96-i-0061
883,2945B ,h# YOU KNOW TO GO FROM h#,sw2945B-ws96-i-0027
884,2950A ,h# OH REALLY h#,sw2950A-ws96-i-0084
885,2953A ,h# I WANT TO RAISE MY KIDS h#,sw2953A-ws96-i-0073
886,2953A ,h# YEAH h# BUT h#,sw2953A-ws96-i-0093
887,2953A ,h# I THINK ONE THAT WOULD h# BE h#,sw2953A-ws96-i-0117
888,2953A ,h# YOU KNOW I MEAN BECAUSE_? h#,sw2953A-ws96-i-0126
889,2956A ,h# CONVOLUTED IN MANY WAYS WHERE PEOPLE WOULD h# ACTUALLY h#,sw2956A-ws96-i-0078
890,2959A ,h# I'm TOO YOUNG YEAH h#,sw2959A-ws96-i-0004
891,2959B ,h# SCHOLARSHIPS h#,sw2959B-ws96-i-0052
892,2959B ,h# AND I h# I SAW THE MOVIE h#,sw2959B-ws96-i-0123
893,2961A ,h# WHICH AMAZES ME h#,sw2961A-ws96-i-0023
894,2962B ,h# AFTER THE BARRY TRIAL h#,sw2962B-ws96-i-0042
895,2964A ,h# ALL THAT TIME AND h#,sw2964A-ws96-i-0015
896,2968B ,h# I'M KIND OF THE h#,sw2968B-ws96-i-0014
897,2968B ,h# OH YEAH IT's IT IT's it IS A INTERESTING h#,sw2968B-ws96-i-0098
898,2969B ,H# AND LAWN CARE h#,sw2969B-ws96-i-0004
899,2969B ,H# IS h# THE h# h#,sw2969B-ws96-i-0049
900,2970B ,H# NO I'm h# I WORK AT h# FOR THE AIR FORCE h#,sw2970B-ws96-i-0008
901,2982B ,h# IS THAT LOCALLY h#,sw2982B-ws96-i-0077
902,2982B ,h# LIKE h# ONE COMPANY HAD PROPOSED TO ME h# THAT I COULD COME BACK TO WORK h# AFTER HAVING THE BABY h#,sw2982B-ws96-i-0085
903,2984A ,H# HAVING A A YARD h#,sw2984A-ws96-i-0066
904,2984B ,H# WEED h# CONTROL h#,sw2984B-ws96-i-0034
905,2984B ,h# AND IT'S FILLING IN WITH h# WITH h# GRASS h#,sw2984B-ws96-i-0128
906,2988A ,h# AND THAT WAS ENOUGH FOR THEM I MEAN THEY JUST h#,sw2988A-ws96-i-0039
907,2998B ,H# ESSENTIALLY I GUESS BECAUSE IT WAS AT CRISIS PROPORTIONS h# WAS h#,sw2998B-ws96-i-0036
908,3002A ,H# AS A MATTER OF FACT I READ THE SUNDAY PAPER THIS EVENING h#,sw3002A-ws96-i-0046
909,3003B ,h# WE TAKE IT EVERYWHERE IT h#,sw3003B-ws96-i-0044
910,3009A ,h# OH I WOULD BE TOO h#,sw3009A-ws96-i-0034
911,3011B ,H# yeah its a h# ? SINGLE FAMILY HOME h#,sw3011B-ws96-i-0090
912,3015B ,h# KIND OF MEDICAL h#,sw3015B-ws96-i-0011
913,3015B ,h# LIKE YOU SAY IT'S h# FIVE DOLLARS AN OFFICE VISIT h#,sw3015B-ws96-i-0078
914,3018B ,h# KIND OF WHINING OR WHATEVER ON IT I h# I DID_# I REALLY DIDN'T THINK IT WAS h# IT WAS THAT_#,sw3018B-ws96-i-0026
915,3018B ,h# THEY h# HAD A LOT OF h#,sw3018B-ws96-i-0032
916,3019A ,h# OH NOW THAT WAS FABULOUS_#,sw3019A-ws96-i-0045
917,3019B ,H# THAT'S RIGHT h# THAT'S RIGHT h#,sw3019B-ws96-i-0117
918,3021B ,h# IT WOULD DEFINITELY BE GUN CONTROL h#,sw3021B-ws96-i-0044
919,3021B ,H# I DON'T REALLY NEED ONE IN THE ASPECTS IN,sw3021B-ws96-i-0056
920,3023A ,H# YEAH h#,sw3023A-ws96-i-0017
921,3024A ,HAVE_# A WOOD BURNER IN OUR HOUSE h# AND_#,sw3024A-ws96-i-0065
922,3025A ,h# AND h# MY HUSBAND LIKED IT h#,sw3025A-ws96-i-0023
923,3025B ,h# I don't LIKE GREASY PLACES,sw3025B-ws96-i-0029
924,3028A ,h# BUT THEY'VE GOT ALL THESE CAUTION SIGNS NOW ON FISH h#,sw3028A-ws96-i-0095
925,3028B ,H# WELL THAT'S HAPPENED BEFORE h#,sw3028B-ws96-i-0052
926,3028B ,H# AND THIS IS BEFORE I WAS h# BORN_#,sw3028B-ws96-i-0106
927,3029A ,H# THEY WANT IT OVER WITH AND THEY WANT THE PERSON PUNISHED AND PUNISHED properly_# h#,sw3029A-ws96-i-0027
928,3029A ,H# I FEEL LIKE THE THE COST OF h#,sw3029A-ws96-i-0030
929,3029A ,H# SORT OF A CATCH TWENTY TWO h#,sw3029A-ws96-i-0093
930,3036A ,H# WELL WHENEVER THEY TALK ABOUT h#,sw3036A-ws96-i-0046
931,3036A ,h# YEAH THE GREATEST HITS RIGHT h#,sw3036A-ws96-i-0081
932,3036B ,h# TOO COUNTRY h#,sw3036B-ws96-i-0026
933,3036B ,H# VERY MUCH SO h#,sw3036B-ws96-i-0032
934,3037A ,H# A RULE AGAINST A CERTAIN h#,sw3037A-ws96-i-0061
935,3040B ,H# BOTH THOSE CENTERS OF h# OF BUSINESS PLUS h#,sw3040B-ws96-i-0058
936,3041B ,h# LET'S SEE h# THE h# IT'S IT'S DIFFERENT IT'S KIND OF IT'S AN ACTION ADVENTURE KIND OF h# YOU KNOW h#,sw3041B-ws96-i-0012
937,3042B ,H# JUST BECAUSE h# THEY h# SHOW UP h#,sw3042B-ws96-i-0023
938,3042B ,h# OUT OF NOWHERE h#,sw3042B-ws96-i-0024
939,3045A ,h# YEAH h#,sw3045A-ws96-i-0042
940,3045A ,h# MIGHT AS WELL START NOW h#,sw3045A-ws96-i-0097
941,3045B ,h# I HAVE ONE OF THOSE YEAH h#,sw3045B-ws96-i-0044
942,3046B ,h# BUT WE DO GET TOGETHER h# FOR h#,sw3046B-ws96-i-0090
943,3047B ,h# it IT WAS LIKE ANOTHER WORLD h#,sw3047B-ws96-i-0046
944,3051B ,h# A MONTH h# AND I h# THOUGHT h#,sw3051B-ws96-i-0105
945,3052B ,h# SELECTING CARE FOR THE ELDERLY h#,sw3052B-ws96-i-0002
946,3055A ,AND_# h# WE HAD A h# A h#,sw3055A-ws96-i-0015
947,3055B ,h# I AVOID THEM WITH ALL h#,sw3055B-ws96-i-0006
948,3056B ,h# FOUND A BUNCH OF MEMOS THAT WERE h# SUPPOSEDLY FROM h#,sw3056B-ws96-i-0038
949,3059A ,h# YEAH h#,sw3059A-ws96-i-0060
950,3059B ,h# BUT ON THE OTHER HAND I'M NOT SURE I WOULD HAVE GONE OTHERWISE AND HAVING GONE h#,sw3059B-ws96-i-0030
951,3059B ,h# AS WE DO AT MOVIE THEATERS h#,sw3059B-ws96-i-0082
952,3062A ,h# THEN IT IT MAKES IT REAL DIFFICULT h#,sw3062A-ws96-i-0031
953,3062A ,h# AND h# THEY COME IN AND THEIR ATTITUDE IS I'M A BAD BOY AND PROCEED TO h#,sw3062A-ws96-i-0045
954,3062B ,h# I THANK GOD EVERY DAY h#,sw3062B-ws96-i-0005
955,3068B ,h# YEAH_! h# WELL h# YEAH I SEE WHAT YOU'RE SAYING h#,sw3068B-ws96-i-0023
956,3069A ,h# YEAH h# SO h#,sw3069A-ws96-i-0097
957,3070B ,IT'S_# A GREAT BIG OPEN BUILDING THAT HAS A WONDERFUL h# KITCHEN IN IT h#,sw3070B-ws96-i-0035
958,3072A ,h# BOAT DOWN THE RIVER AND h#,sw3072A-ws96-i-0040
959,3072A ,h# WAS REALLY INTERESTING h#,sw3072A-ws96-i-0081
960,3072B ,h# BECAUSE IT'S SOMETHING YOU WEREN'T FORCED TO DO h#,sw3072B-ws96-i-0032
961,3073A ,h# THAT TYPE OF SHOW BUT WE LIKE L A LAW h# WE LIKE h#,sw3073A-ws96-i-0013
962,3073A ,h# TO GRAB YOUR ATTENTION h#,sw3073A-ws96-i-0028
963,3073B ,h# I KNOW h#,ISN'T)THAT h# FUNNY h
964,3074B ,h# AND h#,sw3074B-ws96-i-0024
965,3074B ,h# PAYING MEXICO h#,sw3074B-ws96-i-0104
966,3075A ,h# YEAH h#,sw3075A-ws96-i-0028
967,3075B ,h# CANCUN h#,sw3075B-ws96-i-0041
968,3080B ,HAVE_# TO AS YOU GET OLDER YOU HAVE TO REALLY h#,sw3080B-ws96-i-0092
969,3081B ,h# THEN AND I I USUALLY PUT THE h# CUT UP TOMATOES NEXT h#,sw3081B-ws96-i-0062
970,3081B ,h# POULTRY INSTEAD OF THE BEEF AND h#,sw3081B-ws96-i-0099
971,3082B ,h# AND h# WE h# THOUGHT THAT WOULD BE h#,sw3082B-ws96-i-0043
972,3082B ,h# UHHUH h#,sw3082B-ws96-i-0059
973,3083A ,h# WHERE you GOT h#,sw3083A-ws96-i-0035
974,3087A ,h# WHY DID I PICK MUSIC h#,sw3087A-ws96-i-0003
975,3087B ,h# IT'S REALLY h# OUTSTANDING h#,sw3087B-ws96-i-0058
976,3092B ,h# RIGHT h# NOW LIKE MY,sw3092B-ws96-i-0069
977,3095B ,h# DIFFERENT IDEAS THAT h#,sw3095B-ws96-i-0014
978,3095B ,h# AND UH THAT'S NOT h# THE IDEA IT'S h#,sw3095B-ws96-i-0053
979,3095B ,h# THE IDEA IS NOT TO GET THE GUY OFF FOR THE CRIME h#,sw3095B-ws96-i-0054
980,3095B ,h# WHICH h# OR SHOULD NEVER HAVE GONE TO COURT h#,sw3095B-ws96-i-0107
981,3097A ,h# SOCIETY HAS CHANGED_#,sw3097A-ws96-i-0003
982,3099B ,h# BUT YOU HAVE FRIENDS THAT HAVE CHILDREN h#,sw3099B-ws96-i-0004
983,3103A ,h# AND h# I THINK THINGS ARE CHANGING h#,sw3103A-ws96-i-0029
984,3103A ,h# SO THAT'S THE MAIN POINT IS THAT WE ARE GOING AHEAD_#,sw3103A-ws96-i-0034
985,3104B ,h# AT h# UNIVERSITY_OF_NEBRASKA AT LINCOLN h#,sw3104B-ws96-i-0043
986,3104B ,h# BUT I REALLY h# THINK IT'S IMPORTANT h#,sw3104B-ws96-i-0087
987,3105A ,h# RIGHT h#,sw3105A-ws96-i-0030
988,3107B ,h# OUR HEALTH PLAN AND h#,sw3107B-ws96-i-0014
989,3108A ,h# WE h# WE RENTED ONE RECENTLY THAT SEEMED TO GO ON FOREVER h#,sw3108A-ws96-i-0013
990,3111A ,h# PROBLEMS h#,sw3111A-ws96-i-0014
991,3111A ,h# WHEREVER THERE ARE MORE h#,sw3111A-ws96-i-0030
992,3111A ,h# BECOME h#,sw3111A-ws96-i-0068
993,3112A ,h# THAT'S SOMETHING THAT I h#,sw3112A-ws96-i-0020
994,3113A ,h# AND SO HOW DO YOU h# RELATE AS TO WHETHER THIS h#,sw3113A-ws96-i-0032
995,3115B ,h# OH OKAY h#,sw3115B-ws96-i-0004
996,3115B ,h# YOU KNOW YOU TRY TO LAYER SO YOU CAN h# ADD OR h# OR h#,sw3115B-ws96-i-0010
997,3118A ,h# AND THEY HAVE TO STAY IN UNTIL THEY ALL AGREE_#,sw3118A-ws96-i-0013
998,3120A ,h# AND SO h#,sw3120A-ws96-i-0049
999,3121B ,h# PEOPLE'S PERSONAL SCHEDULES h#,sw3121B-ws96-i-0030
1000,3121B ,h# IT'S JUST NOT THAT PLEASANT_#,sw3121B-ws96-i-0112
1001,3123A ,h# NOW I DIDN'T EVEN REALIZE THAT AT ALL h#,sw3123A-ws96-i-0044
1002,3127A ,h# AND COURSE IN PLANO THAT'S A BIG DEAL h# WE'D h#,sw3127A-ws96-i-0010
1003,3133A ,h# THAT'S TRUE MAYBE THAT'S A WAY h#,sw3133A-ws96-i-0057
1004,3133B ,h# EVEN A SMALL AMOUNT OF EXPOSURE h# CAN MAKE A VAST DIFFERENCE h#,sw3133B-ws96-i-0069
1005,3134A ,h# IT'S h# SOMETHING LIKE THAT IT'S WORDED h#,sw3134A-ws96-i-0092
1006,3134B ,h# THAT'S NO GOOD h#,sw3134B-ws96-i-0060
1007,3135A ,h# WELL NO SHE DIDN'T LIVE WITH US h# THE FIRST ONE WAS AN h#,sw3135A-ws96-i-0045
1008,3141A ,ONE VERY OLD FAT CAT_#,sw3141A-ws96-i-0002
1009,3150A ,h# FOR THE PUNISHMENT h# ASPECT h#,sw3150A-ws96-i-0071
1010,3150B ,h# OH I'M PRETTY MUCH FOR IT h#,sw3150B-ws96-i-0003
1011,3153A ,BECAUSE THEY COST THE H M O MONEY h#,sw3153A-ws96-i-0045
1012,3159B ,h# DURING MY WORK I HAVE TO KEEP UP ON ALL THE h#,sw3159B-ws96-i-0030
1013,3181A ,AND_# THEN I LOST TWENTY ONE_#,sw3181A-ws96-i-0011
1014,3207B ,h# I'M TWENTY h#,sw3207B-ws96-i-0049
1015,3234A ,h# h# AND THEN WE GO OUTSIDE h#,sw3234A-ws96-i-0031
1016,3242A ,h# MIND BOGGLING h#,sw3242A-ws96-i-0065
1017,3252B ,h# HE'S EIGHTEEN POUNDS_#,sw3252B-ws96-i-0013
1018,3257A ,h# IT IS h#,sw3257A-ws96-i-0025
1019,3269B ,h# I THINK h# TWO_#,sw3269B-ws96-i-0008
1020,3270A ,h# SURE h#,sw3270A-ws96-i-0034
1021,3275A ,h# I'M FROM PLANO TEXAS h#,sw3275A-ws96-i-0065
1022,3275B ,h# I GOT IN TROUBLE WHEN I WAS IN THE SERVICE QUITE A FEW YEARS AGO LIKE h# TEN TO FIFTEEN THOUSAND DOLLARS IN TROUBLE h#,sw3275B-ws96-i-0005
1023,3293B ,h# AND YOU KNOW AND WE COULD h#,sw3293B-ws96-i-0042
1024,3309B ,h# POLITICIANS h#,sw3309B-ws96-i-0020
1025,3340B ,h# OH THAT'S TERRIBLE h#,sw3340B-ws96-i-0031
1026,3350A ,h# i HAVE BUT HE h# I DON'T KNOW HE JUST h#,sw3350A-ws96-i-0063
1027,3360B ,h# OR MORE h#,sw3360B-ws96-i-0038
1028,3371B ,h# BASEMENTS h#,sw3371B-ws96-i-0032
1029,3371B ,h# ISN'T IT FUNNY HOW FAMILIES END UP LIVING IN ONE ROOM IN THE HOUSE MOST OF THE TIME h#,sw3371B-ws96-i-0042
1030,3372A ,h# I h#,sw3372A-ws96-i-0006
1031,3372B ,h# SO WE'RE FAMILIAR WITH IT h#,sw3372B-ws96-i-0010
1032,3381B ,h# GUY THAT h# COMMITTED ALL THOSE MURDERS h#,sw3381B-ws96-i-0004
1033,3384B ,h# YES I DO h#,sw3384B-ws96-i-0001
1034,3389A ,h# BLOW OUT THEIR OPPONENTS THEY JUST SCORE JUST ENOUGH POINTS h#,sw3389A-ws96-i-0011
1035,3403B ,h# THAT'S RIGHT h#,sw3403B-ws96-i-0049
1036,3420A ,h# CHILD DEVELOPMENT h#,sw3420A-ws96-i-0032
1037,3429B ,h# I'M NOT h# NAIVE_#,sw3429B-ws96-i-0039
1038,3445B ,h# THAT'S OUT ON VIDEO I WANNA WATCH h# THAT h#,sw3445B-ws96-i-0036
1039,3452A ,h# FOUR OR FIVE h#,sw3452A-ws96-i-0011
1040,3453B ,h# TYPE THING h#,sw3453B-ws96-i-0058
1041,3457A ,h# SO h# AND h#,sw3457A-ws96-i-0004
1042,3508A ,h# SO NOW WE JUST h# PUT OURS OUT FOR THE h#,sw3508A-ws96-i-0016
1043,3515B ,h# AND YOU CAN GO UP THERE AND AND h# REDEEM WE'VE GOT ONE THAT GIVES YOU LIKE A PENNY A CAN h#,sw3515B-ws96-i-0009
1044,3517B ,h# YES I h#,sw3517B-ws96-i-0055
1045,3523B ,h# ah h# THAT'S INTERESTING h#,sw3523B-ws96-i-0025
1046,3530B ,h# NO NO SHE ISN'T AT ALL h#,sw3530B-ws96-i-0070
1047,3533B ,h# WE OPEN OUR PRESENTS ON CHRISTMAS DAY h#,sw3533B-ws96-i-0047
1048,3546A ,h# BOY OH BOY h# THAT'S NICE AND WARM h#,sw3546A-ws96-i-0002
1049,3550B ,h# UHHUH h#,sw3550B-ws96-i-0072
1050,3567A ,h# WHERE THE CHILD IS GOING TO GO TO A UNIVERSITY h#,sw3567A-ws96-i-0002
1051,3571A ,h# OH YEAH h#,sw3571A-ws96-i-0040
1052,3576B ,h# OH THAT SOUNDS LOVELY_#,sw3576B-ws96-i-0019
1053,3606A ,h# NO h#,sw3606A-ws96-i-0057
1054,3607B ,h# AND AND TRY TO REMEMBER WHERE YOU ARE AT ALL TIMES h#,sw3607B-ws96-i-0032
1055,3607B ,h# BUT UH THE SOIL RIGHT UNDER THIS IS A CLAY h#,sw3607B-ws96-i-0043
1056,3615B ,NO h#,sw3615B-ws96-i-0069
1057,3657B ,h# ON ON NOT ONLY P Cs h#,sw3657B-ws96-i-0008
1058,3658A ,h# AND JUST THE LEGAL h#,sw3658A-ws96-i-0045
1059,3660B ,h# GOOD DEAL h#,sw3660B-ws96-i-0040
1060,3675A ,h# I'M INTO COMPUTERS TOO I h#,sw3675A-ws96-i-0043
1061,3675B ,h# I JUST GOT THAT A FEW DAYS AGO h#,sw3675B-ws96-i-0079
1062,3688B ,h# HOPE IT'S A GOOD PROGRAM THERE h#,sw3688B-ws96-i-0063
1063,3690A ,h# WHICH WAS IMPOSSIBLE BEFORE h#,sw3690A-ws96-i-0036
1064,3697A ,h# OKAY h# OKAY h#,sw3697A-ws96-i-0044
1065,3698A ,h# TO FIGHT A TICKET h#,sw3698A-ws96-i-0053
1066,3745B ,h# EDUCATION IS GIVEN TO THEM h#,sw3745B-ws96-i-0040
1067,3746B ,h# YEAH h#,sw3746B-ws96-i-0022
1068,3768A ,h# YEAH WELL I'VE BEEN OVER THERE TOO h#,sw3768A-ws96-i-0007
1069,3769B ,h# ADDS UP AND IT'S NOT HEALTHY AND h#,sw3769B-ws96-i-0041
1070,3774B ,h# I DID YOU KNOW I h# WOULDN'T BE CAUGHT DEAD h# LIKE BEING OUT THAT LATE AT NIGHT h#,sw3774B-ws96-i-0065
1071,3777B ,h# CHILDREN ORIENTED TELEVISION SHOWS_#,sw3777B-ws96-i-0069
1072,3778A ,h# THEY HAVE ALL THOSE CROPS ?_#,sw3778A-ws96-i-0064
1073,3783A ,h# TYPE THING OUT h#,sw3783A-ws96-i-0029
1074,3786A ,h# OKAY h# SO YOU WERE WITH T I HUH h#,sw3786A-ws96-i-0001
1075,3786A ,h# PICKED ON IN THE SENSE OF BEING THE WHIPPING BOY h# DOLLAR WISE IN THE CORPORATION you YOU KNOW h#,sw3786A-ws96-i-0044
1076,3792A ,h# YOU REALLY HAVE TO h#,sw3792A-ws96-i-0048
1077,3798A ,h# I MEAN I h# I DEFINITELY THINK THAT IT'S THE DRUG PROBLEM THAT NEEDS TO BE ADDRESSED BUT AS YOU SAY h#,sw3798A-ws96-i-0055
1078,3830A ,h# OH IS THAT RIGHT h#,sw3830A-ws96-i-0048
1079,3839A ,h# BRINGING MY HOUSE UP TO DATE REALLY h#,sw3839A-ws96-i-0010
1080,3844A ,h# VERY h#,sw3844A-ws96-i-0051
1081,3854A ,h# IT MAY CHANGE h# you know h# IF WE DO A LOT OF CAR RENTAL WHICH WE DON'T DO h#,sw3854A-ws96-i-0011
1082,3921B ,h# WELL WHAT KIND_OF FISH DO THEY HAVE IN YOUR NECK OF THE WOODS h#,sw3921B-ws96-i-0004
1083,3921B ,h# AND they're REALLY h#,sw3921B-ws96-i-0035
1084,3956B ,h# COMPENSATION BUT OF COURSE THAT IS RESTRICTED CHOICE SO h#,sw3956B-ws96-i-0032
1085,3965B ,OH_# HOW NICE h#,sw3965B-ws96-i-0051
1086,3985A ,yeah_# h# I GUESS YOU DO h#,sw3985A-ws96-i-0006
1087,4003A ,h# I HAVE h# DONE THE DAY CARE h# INSIDE MY HOME h#,sw4003A-ws96-i-0008
1088,4008A ,h# and you know IT'S JUST SO_AMAZING THAT h# GENERALLY YOU KNOW IF YOU h# IF YOU h# I'M NOT SURE h# ABOUT h# MACINTOSHES BUT I KNOW AN I B M h#,sw4008A-ws96-i-0055
1089,4011A ,h# DO YOU THINK THAT THAT h#,sw4011A-ws96-i-0020
1090,4013A ,h# LET'S SEE h#,sw4013A-ws96-i-0010
1091,4013A ,h# IT h# IS THAT CLOSE TO DALLAS h#,sw4013A-ws96-i-0072
1092,4014A ,H# I DON'T UNDERSTAND HOW OUR GOVERNMENT CAN h# CAN h# ENCOURAGE DRUG TESTING h#,sw4014A-ws96-i-0018
1093,4016A ,h# RENT VIDEOS AND_# and_#,sw4016A-ws96-i-0039
1094,4023A ,h# METROPOLITAN YEAH h#,sw4023A-ws96-i-0045
1095,4024A ,h# SYNTHESIZERS AND h# ALL OF THAT h#,sw4024A-ws96-i-0063
1096,4024A ,h# YEAH h# SHE'S NOT TOO WILD h#,sw4024A-ws96-i-0076
1097,4026A ,h# i HEAR THAT ONE HAVE YOU HAD ANY h# LATELY GO OUT h#,sw4026A-ws96-i-0004
1098,4026A ,h# YEAH WE JUST MOVED INTO A NEW HOUSE TOO SO WE HAD TO BUY ALL THOSE TOO h#,sw4026A-ws96-i-0010
1099,4026A ,h# EACH ASSEMBLY PROCESS HAS AN INSPECTION h# RIGHT AFTER IT'S DONE h#,sw4026A-ws96-i-0049
1100,4028B ,h# ALTHOUGH h#,sw4028B-ws96-i-0018
1101,4036B ,h# SEEMINGLY THEIR PROPERTY h#,sw4036B-ws96-i-0046
1102,4038A ,h# OKAY I GUESS IT TOOK SO I GUESS RECORDING HAS STARTED NOW h#,sw4038A-ws96-i-0001
1103,4042A ,h# RIGHT h#,sw4042A-ws96-i-0027
1104,4050B ,h# THAT'S OKAY I'M BILL FROM RALEIGH h#,sw4050B-ws96-i-0002
1105,4050B ,h# YOU KNOW COULD h# EAT COMFORTABLY AND h# AND EVERYTHING h#,sw4050B-ws96-i-0022
1106,4051B ,h# WELL h# COURSE THERE'S only A h#,sw4051B-ws96-i-0013
1107,4055B ,h# THEY'RE VERY LIGHT WEIGHT AND WE USE THEM WHEN WE GO BACKPACKING h#,sw4055B-ws96-i-0032
1108,4057A ,h# FOR WHAT WE GET h# WE'RE PAYING TOO MUCH I WOULD SAY h#,sw4057A-ws96-i-0023
1109,4059A ,h# YEAH_! h# THEY MAY SAY IT'S REAL BAD h#,sw4059A-ws96-i-0027
1110,4060A ,h# YEAH YOU END UP BEING h# YOUR OWN PERSON h#,sw4060A-ws96-i-0070
1111,4064A ,h# AND SECOND OF ALL h# YOU GET h# A WIDE VARIETY OF h#,sw4064A-ws96-i-0016
1112,4064B ,h# YOU KNOW h# THAT'S A MATTER OF CONCERN TO ME TOO h#,sw4064B-ws96-i-0018
1113,4074A ,h# IT'S PRETTY GOOD TRAINING I THINK h#,sw4074A-ws96-i-0037
1114,4080A ,h# YOU KNOW BOTH AREAS ARE PRETTY CRIME RIDDEN RIGHT NOW h#,sw4080A-ws96-i-0026
1115,4080A ,h# IN SOME STATES IN TERMS OF h# A h#,sw4080A-ws96-i-0052
1116,4082B ,h# VIEW POINT THAT THEY HAVE h#,sw4082B-ws96-i-0043
1117,4086A ,h# AND THAT OPENS UP A WHOLE ANOTHER CAN OF WORMS_#,sw4086A-ws96-i-0051
1118,4086A ,h# YEAH I'VE HEARD SOME GOOD THINGS ABOUT THAT CAR h#,sw4086A-ws96-i-0074
1119,4090A ,h# WRITE DOWN h#,sw4090A-ws96-i-0051
1120,4096A ,h# AND SHRED IT AND SPRAY IT WITH CHEMICAL TREATMENT SO THAT IT'S NOT h#,sw4096A-ws96-i-0038
1121,4100A ,h# AND A LOT OF THINGS LIKE h# THAT h#,sw4100A-ws96-i-0031
1122,4101A ,h# WE DO HAVE h#,sw4101A-ws96-i-0028
1123,4107A ,h# NO NOT REALLY h# I MEAN h#,sw4107A-ws96-i-0030
1124,4107A ,h# THE WAY THINGS ARE GOING I MEAN h# IT'S GOING TOWARDS A MORE GREEN h#,sw4107A-ws96-i-0057
1125,4108A ,OF_# WHATEVER IT IS THEY'RE h#,sw4108A-ws96-i-0010
1126,4108A ,h# YEAH THAT THEY'RE h#,sw4108A-ws96-i-0037
1127,4114B ,h# yeah YOU YOU_# GO EVEN A FEW h#,sw4114B-ws96-i-0009
1128,4114B ,h# yeah h# GOING AND A LOT OF THEM ARE IN h# RELATIVELY POOR REPAIR h#,sw4114B-ws96-i-0014
1129,4114B ,h# REST OF CALIFORNIA WHICH IS JUST TERRIBLE IT SOUNDS h#,sw4114B-ws96-i-0043
1130,4119A ,h# TRADING OFF OF OF h# OUR INDIVIDUAL CIVIL RIGHTS FOR SOME KIND OF CONCEPT OF h# FURTHERING A COMMON GOOD ALMOST h#,sw4119A-ws96-i-0002
1131,4126A ,h# YEAH WELL MAYBE YOU CAN h#,sw4126A-ws96-i-0059
1132,4127B ,h# CLEANING BUSINESS TYPE THING SO h#,sw4127B-ws96-i-0043
1133,4137A ,h# AND THEN YOU GO TO PORSCHE AND IT'S LIKE WELL h# THESE h# CARS ARE COMPLETELY HANDMADE h#,sw4137A-ws96-i-0069
1134,4137A ,h# YEAH BUT IT h# IT H# B M W's good_#,sw4137A-ws96-i-0079
1135,4137B ,h# THE JAPANESE OR THE h#,sw4137B-ws96-i-0031
1136,4138A ,h# THE DEFICIT THAT WE'RE RUNNING SO h#,sw4138A-ws96-i-0012
1137,4138B ,h# TO MAKE MORE MONEY AND h# THE h#,sw4138B-ws96-i-0050
1138,4147A ,h# YOU KNOW h# SHOWING THE MATURITY AND RESPONSIBILITY TO RECOGNIZE THOSE h#,sw4147A-ws96-i-0059
1139,4148A ,h# OKAY FOR h# A STATE TO HAVE IT LIKE_? ELEVEN OUT OF TWELVE_#,sw4148A-ws96-i-0009
1140,4152A ,h# I DON'T KNOW h# YOU KNOW AND AND AGAIN THERE'S SOMETHING ELSE ?,sw4152A-ws96-i-0061
1141,4152B ,h# HOW INTERESTING h# ooh h#,sw4152B-ws96-i-0014
1142,4153A ,h# YOU KNOW h# GOING THROUGH THIS ROUTINE h#,sw4153A-ws96-i-0057
1143,4154A ,h# I MEAN I REALLY I REALLY THINK THAT h# THAT h#,sw4154A-ws96-i-0040
1144,4154A ,h# THERE THERE WERE A LOT MORE h#,sw4154A-ws96-i-0056
1145,4154A ,h# WELL I HAVE h# I HAVE VERY MIXED FEELINGS ABOUT ISRAEL h#,sw4154A-ws96-i-0073
1146,4154B ,h# WITH ARMS THE SAME WAY h#,sw4154B-ws96-i-0005
1147,4154B ,h# YEAH WELL MAY HAVE BEEN YOU KNOW I'M NOT SAYING THAT THAT'S NOT THE CASE h#,sw4154B-ws96-i-0040
1148,4155B ,h# NO INTEREST NO REPAYMENT SCHEDULE h#,sw4155B-ws96-i-0048
1149,4165A ,h# WELL h#,sw4165A-ws96-i-0005
1150,4165B ,h# SO THAT h#,sw4165B-ws96-i-0048
1151,4166B ,h# AND SHE WAS IN A NURSING HOME FOR h#,sw4166B-ws96-i-0009
1152,4166B ,h# AND YOU KNOW IT'S h# THE TYPE OF THING THAT SHE WAS LIVING DOWN IN FLORIDA h#,sw4166B-ws96-i-0011
1153,4168B ,h# BUT h# YEAH I h# I LIKE TO WATCH ROCK AND ROLL VIDEOS AND ANY KIND OF VIDEO_#,sw4168B-ws96-i-0090
1154,4171B ,h# OH THAT'S A PRETTY GOOD DEAL h#,sw4171B-ws96-i-0007
1155,4174B ,h# AND h#,sw4174B-ws96-i-0005
1156,4175A ,h# PAPER AT ALL h#,sw4175A-ws96-i-0082
1157,4175B ,h# THEY JUST OVERFLOW h#,sw4175B-ws96-i-0020
1158,4177B ,h# EUROPEAN COMMUNITY COMING TOGETHER h#,sw4177B-ws96-i-0022
1159,4311A ,h# SEVENTY OR h# EIGHTY h# OR NINETY h#,sw4311A-ws96-i-0041
1160,4312A ,h# THAT'S ABOUT h# ALL HE HAD GOING FOR HIM h#,sw4312A-ws96-i-0031
1161,4312B ,h# ANY h# MUNICIPALLY FUNDED h#,sw4312B-ws96-i-0060
1162,4318A ,h# EVEN IF IT'S JUST little DETAILS IT SEEMS LIKE h#,sw4318A-ws96-i-0020
1163,4319A ,h# SMALL THINGS TO GRIPE ABOUT h#,sw4319A-ws96-i-0014
1164,4319B ,h# THE WHAT ABOUT YOU h#,sw4319B-ws96-i-0038
1165,4321B ,h# BUT h# BACK TO THE ISSUE h# IS h#,sw4321B-ws96-i-0014
1166,4321B ,h# AS IT STANDS THERE'S THERE'S MANY WAYS AND MEANS BY WHICH PERSON CAN BE SET UP BOTH h# IN A CIVIL_! h# CIVIL AND CRIMINAL CASE h#,sw4321B-ws96-i-0049
1167,4321B ,h# YEAH h# MANY LAWS BUT LITTLE JUSTICE h#,sw4321B-ws96-i-0060
1168,4325A ,h# I h# I h#,sw4325A-ws96-i-0036
1169,4327A ,h# YOU KNOW WHAT MIGHT h# VERY WELL DO h#,sw4327A-ws96-i-0030
1170,4330A ,h# RIGHT h#,sw4330A-ws96-i-0017
1171,4334A ,it_# IT'S THE h# ARTIST NOT THE MERITS_#,sw4334A-ws96-i-0041
1172,4334A ,h# YEAH h#,sw4334A-ws96-i-0045
1173,4334B ,h# YOU KNOW h#,sw4334B-ws96-i-0013
1174,4339A ,h# I THINK THE FOUR DOOR IS PROBABLY h#,sw4339A-ws96-i-0018
1175,4342B ,h# K L I F CLIFF h#,sw4342B-ws96-i-0007
1176,4342B ,h# FINANCIAL TROUBLE h#,sw4342B-ws96-i-0023
1177,4345B ,h# A HASTILY ERECTED SIGN SAYING BABY MILK FACTORY h#,sw4345B-ws96-i-0031
1178,4347A ,h# YEAH h# YEAH THAT'S JUST IT h#,sw4347A-ws96-i-0047
1179,4347A ,h# I_! REALLY DON'T h#,sw4347A-ws96-i-0050
1180,4348A ,h# I THINK NONE OF THEM ARE FOOLISH ENOUGH TO WANT TO ATTACK h#,sw4348A-ws96-i-0043
1181,4349B ,h# JUST TO PACK THE BEARINGS h#,sw4349B-ws96-i-0001
1182,4351A ,h# SO_AT LEAST FROM THAT I h#,sw4351A-ws96-i-0064
1183,4353A ,h# SORT OF ON A PERIPHERAL SHE'S h# AN h# ANNUITY h# ADMINISTRATOR h#,sw4353A-ws96-i-0022
1184,4356B ,h# AND h#,sw4356B-ws96-i-0021
1185,4359A ,h# TO THE CHILD CARE THERE h#,sw4359A-ws96-i-0014
1186,4360A ,h# I DON'T KNOW h# IT h# LEAVES h# LEAVES A LOT OF TIME h# OUT h#,sw4360A-ws96-i-0019
1187,4360A ,h# IN MOST PLACES h# h#,sw4360A-ws96-i-0039
1188,4362A ,h# AT HIGH SCHOOL h# h#,sw4362A-ws96-i-0006
1189,4362B ,h# AND CLEARLY TO ME IS h# A KIND OF GOVERNMENT h# THING TO h#,sw4362B-ws96-i-0033
1190,4363A ,h# RIGHT IT CAN TAKE OVER A SMALL MARKET h# h#,sw4363A-ws96-i-0037
1191,4364B ,h# IT REALLY MAKES YOU WONDER WHAT OTHER LISTS YOU'RE on THAT HAVE BEEN MADE h#,sw4364B-ws96-i-0042
1192,4366B ,h# TO THE ability OF THE INDIVIDUAL TO PAY h#,sw4366B-ws96-i-0084
1193,4370A ,h# SO YOU WHAT YOU'RE SAYING IS IF if THIS IS THE SECOND OFFENSE THEN YOU EXECUTE THEM h#,sw4370A-ws96-i-0038
1194,4370B ,h# A MORE FAIR h#,sw4370B-ws96-i-0042
1195,4372B ,h# AND I THINK THAT h# IT'S NOT MY RESPONSIBILITY TO POLICE MYSELF AND PAY PENNSYLVANIA WHAT THEY BELIEVE THEY ARE OWED h#,sw4372B-ws96-i-0012
1196,4372B ,h# THEN I THINK SOME WELL DEFINED MECHANISMS NEED TO BE IN PLACE SO THAT h#,sw4372B-ws96-i-0034
1197,4378A ,h# OH THESE ARE AND SO YOU HAVE THE SASH WINDOWS IN,sw4378A-ws96-i-0074
1198,4380A ,AND_# I THINK IT'D BE INTERESTING h#,sw4380A-ws96-i-0054
1199,4443A ,h# AND h# I'VE BEEN PLAYING h# YOU KNOW OFF AND ON WHEN I CAN h#,sw4443A-ws96-i-0010
1200,4467A ,h# YOU KNOW h# NO MATTER WHAT I DO ?,sw4467A-ws96-i-0031
1201,4483A ,h# I MEAN IT'S A LITTLE EXTRA WORK h#,sw4483A-ws96-i-0037
1202,4483A ,h# AND h# SO h# LIKE h# h#,sw4483A-ws96-i-0049
1203,4483A ,h# TO h#,sw4483A-ws96-i-0075
1204,4502A ,h# SO h#,sw4502A-ws96-i-0009
1205,4523A ,h# BUT h# I h# I GUESS THE h# N R A THEY h# KIND OF LOOK AT IT AS A SPRINGBOARD h#,sw4523A-ws96-i-0017
1206,4548A ,h# EXECUTING THEM h# UH,sw4548A-ws96-i-0023
1207,4565B ,h# THOUGHT ABOUT IT A LOT h#,sw4565B-ws96-i-0014
1208,4594A ,you_# find YOU MAKE MORE MONEY BUT IT GOES AWAY ANYWAY h#,sw4594A-ws96-i-0003
1209,4603A ,h# HIS EAGLE h# h#,sw4603A-ws96-i-0011
1210,4603A ,OF_# A VOLUNTARY h# KIND of h#,sw4603A-ws96-i-0037
1211,4605B ,h# FIRST TIME OFFENDERS h#,sw4605B-ws96-i-0029
1212,4611B ,h# AND THE VIEW THAT I'd RATHER TAKE h#,sw4611B-ws96-i-0017
1213,4617A ,h# SEEMS TO ME THAT h# THAT'S h# I THINK THAT'S THE WAY IT'S DONE NOW h# AT LEAST h#,sw4617A-ws96-i-0008
1214,4617A ,h# RIGHT h#,sw4617A-ws96-i-0055
1215,4617B ,h# CAPITAL CASES LIKE MAYBE THE h# DEATH PENALTY h#,sw4617B-ws96-i-0019
1216,4617B ,h# I MEAN HE COULD HAVE LIKE A PERSONAL PREJUDICE YOU KNOW JUDGES ARE PEOPLE h#,sw4617B-ws96-i-0021
1217,4617B ,h# WHETHER THEY h# THEY DECIDE WHETHER OR NOT h# THEY h#,sw4617B-ws96-i-0025
1218,4624A ,h# YOU KNOW DUMPING INFORMATION ABOUT YOU IN THERE AND I'VE HEARD OF CASES WHERE IT WAS JUST DONE VINDICTIVELY h#,sw4624A-ws96-i-0042
1219,4630A ,OR_# h# IF THEY h# CRITICIZED YOU OR h#,sw4630A-ws96-i-0026
1220,4633A ,h# WELL YOU CAN'T AFFORD TO_#,sw4633A-ws96-i-0030
1221,4644B ,h# AND NOT JUST THE TEACHERS THEY TOOK IN THE WHOLE TOWN PLUS ALL h#,sw4644B-ws96-i-0033
1222,4649B ,h# I GUESS NOT h#,sw4649B-ws96-i-0002
1223,4659A ,AND WE HAVE NO DOWN TIME h#,sw4659A-ws96-i-0020
1224,4666B ,h# OR A ROW OF SEATS ACTUALLY h# FOR THE HOME GAMES h#,sw4666B-ws96-i-0056
1225,4675B ,h# I h# SOMETIMES IT CAN BE h#,sw4675B-ws96-i-0022
1226,4679A ,h# SORT OF A JURY h#,sw4679A-ws96-i-0021
1227,4688B ,h# SO YOU KNOW THE FOUR DAYS BEFORE h# THEY ONLY HAVE A FOUR DAY WEEK h#,sw4688B-ws96-i-0027
1228,4688B ,h# YOU KNOW I KEEP TRACK OF EVERY PENNY h#,sw4688B-ws96-i-0047
1229,4697B ,h# PARTIES h# WANTS ONE h#,sw4697B-ws96-i-0025
1230,4698A ,h# L C h# IT'S A h#,sw4698A-ws96-i-0011
1231,4698B ,h# for a lot of kids_#,sw4698B-ws96-i-0073
1232,4707A ,h# PARTICULARLY h#,sw4707A-ws96-i-0030
1233,4707A ,h# WITH THE SAME TAX MONEY h#,sw4707A-ws96-i-0085
1234,4707A ,h# PEOPLE OF VARIOUS SEXUAL PERSUASIONS AND THOSE WHO NEVER INTEND TO MARRY AND THOSE WHO ARE RETIRED AND THOSE who ARE h# JUST LOOKING FOR FUN h#,sw4707A-ws96-i-0098
1235,4709B ,h# AND THAT'S EXCEEDINGLY EXPENSIVE h#,sw4709B-ws96-i-0031
1236,4716B ,h# RIGHT h# YEAH h#,sw4716B-ws96-i-0021
1237,4721A ,h# I JUST I DON'T DEMAND A LOT h# FOR MYSELF h# AND SO h#,sw4721A-ws96-i-0053
1238,4721B ,h# DEMANDING THE TIME FOR YOURSELF THAT h#,sw4721B-ws96-i-0059
1239,4725A ,h# GO ON PUBLIC ASSISTANCE h#,sw4725A-ws96-i-0007
1240,4726B ,h# I THINK THERE SHOULD BE MORE CONTROL AS h# LIKE h#,sw4726B-ws96-i-0016
1241,4728A ,h# IF I ONLY HAD SOME PLACE THAT I COULD STORE THE h# CAMPER TOP I WOULD HAVE IT OFF MOST OF THE TIME h#,sw4728A-ws96-i-0058
1242,4735A ,h# YOU KNOW BUT THEN AGAIN THOSE THAT HAVE h#,sw4735A-ws96-i-0063
1243,4735B ,rebuil_# h# REHABILITATE h#,sw4735B-ws96-i-0040
1244,4736A ,h# THE GUY WAS A LAW BREAKER h# AS BEING SUPPORTIVE h#,sw4736A-ws96-i-0037
1245,4745A ,h# FEEL TO PLACE THEIR CHILDREN INTO CARE h#,sw4745A-ws96-i-0037
1246,4745A ,h# AND h#,sw4745A-ws96-i-0038
1247,4759B ,h# YEAH h#,sw4759B-ws96-i-0034
1248,4770A ,h# THE MONEY TO ADVERTISE THE MONEY TO h#,sw4770A-ws96-i-0022
1249,4784A ,h# WHEN THE MONEY IS NEEDED OR WOULD BE WELL SPENT h# BECAUSE IT'S h#,sw4784A-ws96-i-0041
1250,4784B ,h# RIGHT IT TROUBLES ME TOO h#,sw4784B-ws96-i-0008
1251,4784B ,h# IT h# MEANS THAT YOU'VE GOT TO BE INFORMED AND YOU'VE GOT TO HAVE A CERTAIN LEVEL OF EDUCATION TO DO THE READING h#,sw4784B-ws96-i-0019
1252,4785A ,h# SIX YEARS h#,sw4785A-ws96-i-0017
1253,4785A ,h# AND h#,sw4785A-ws96-i-0067
1254,4785B ,h# WELL h#,sw4785B-ws96-i-0014
1255,4785B ,h# AND WHAT WOULD YOU DO WHAT h#,sw4785B-ws96-i-0045
1256,4788B ,h# A BATHROOM OR A SHOWER OR ANYTHING h#,sw4788B-ws96-i-0028
1257,4792A ,h# NO AND h# EVEN LIKE YOU KNOW h#,sw4792A-ws96-i-0011
1258,4792A ,h# YOU KNOW MAY BE FOR h# TECHNICAL REASONS,sw4792A-ws96-i-0020
1259,4792B ,h# YEAH I'VE GOT SOME FRIENDS THAT ARE LAWYERS SO h#,sw4792B-ws96-i-0038
1260,4792B ,h# AND HOW WEIRD THOSE CASES GET h#,sw4792B-ws96-i-0053
1261,4796B ,h# WOULD BE TO HAVE a h#,sw4796B-ws96-i-0044
1262,4796B ,h# THEY'RE ALL h#,sw4796B-ws96-i-0067
1263,4799A ,h# DID IT REALLY h#,sw4799A-ws96-i-0010
1264,4799B ,h# AND THEY GOT HER GOING AGAIN h#,sw4799B-ws96-i-0043
1265,4805A ,h# YEAH h# YOU CAN h#,sw4805A-ws96-i-0030
1266,4812A ,h# BUT h#,sw4812A-ws96-i-0037
1267,4814B ,h# SO INTERESTING POLITICAL TRENDS OR EVENTS HUH h#,sw4814B-ws96-i-0002
1268,4822B ,AND_# h# KNOW PERHAPS WE CAN FIND BETTER TECHNIQUES FOR DOING THINGS THAT h# WE'D NORMALLY DO DOWN HERE h#,sw4822B-ws96-i-0021
1269,4826A ,h# FOR EXAMPLE I HAVE A BROTHER IN NORTH CAROLINA h#,sw4826A-ws96-i-0024
1270,4826B ,h# AND h# WHEN YOU HAVE h#,sw4826B-ws96-i-0044
1271,4829B ,h# RIGHT SO IT'S h# SO THAT'S NICE IT WOULD BE h# IT WOULD BE REALLY h# NICE IF THEY h#,sw4829B-ws96-i-0018
1272,4829B ,h# THAT ARE ONLY MADE OUT OF ONE KIND OF PLASTIC SO THAT h#,sw4829B-ws96-i-0043
1273,4830A ,h# AND I REALLY DON'T AGREE WITH THAT h#,sw4830A-ws96-i-0006
1274,4831A ,h# IS TO BE IN A SITUATION WHERE YOU h#,sw4831A-ws96-i-0010
1275,4831A ,h# OR IF YOUR MANAGEMENT DOESN'T THINK THAT h#,sw4831A-ws96-i-0038
1276,4856B ,the_# DEFENSE h# THE DEFENSE THEY'RE WERE GIVING GIVEN WAS THAT h# LIKE HIS MOTHER HAD h# HAD BEEN AN ALCOHOLIC WHEN h#,sw4856B-ws96-i-0031
1277,4858A ,h# I GUESS h#,sw4858A-ws96-i-0002
1278,4858B ,h# EVERy NOW AND THEN THEY'D GO AND SHOOT THEIR RIFLES AND THEN THEY'D h#,sw4858B-ws96-i-0021
1279,4858B ,h# AND IT WAS A IT WAS A TRADITIONAL h#,sw4858B-ws96-i-0041
1280,4874A ,h# SO THAT h#,sw4874A-ws96-i-0018
1281,4880A ,h# FIRST OFF h#,sw4880A-ws96-i-0030
1282,4902A ,h# BUT IF YOU LET THEM YEAH IF YOU LET THEM IN A MILLION AT A TIME IT WOULDN'T MAKE THAT h# YOU KNOW IT WOULDN'T MAKE THAT BIG A BULGE IN THE POPULATION BUT h#,sw4902A-ws96-i-0062
1283,4908A ,h# MY YOU'VE GOT A LOT A A LOT OF NOTHING OUT THERE h#,sw4908A-ws96-i-0021
1284,4917B ,h# IT h# IT'S SMALL ENOUGH THAT IT'S EASY TO DRIVE h#,sw4917B-ws96-i-0066
1285,4927A ,h# RIGHT h#,sw4927A-ws96-i-0025
1286,4940A ,not_# h# WELL NOT IN DALLAS THAT IS h#,sw4940A-ws96-i-0017
